film.title	year	imdb	format	languages	NTSC/PAL	duration	source	info	N.	NEW
¡Mátalo!	1970	tt0068024	DVD9	ITA/GER/ENG	PAL	1h29m15s	DVD	full DVD + extras	565	false
...4 ..3 ..2 ..1 ...morte	1967	tt0063859	DVD5	ITA/GER/ENG/FRE	PAL	1h30m37s	DVD + VHS	custom uncut mux	439	false
...e continuavano a mettere lo diavolo ne lo inferno	1973	tt0069661	DVD5	ITA	PAL	1h32m51s	VHS	none	14	false
...E divenne il più spietato bandito del sud	1967	tt0061775	DVD5	ITA	PAL	1h35m59s	DVD	custom uncut mux	485	false
...e si salvò solo l'aretino Pietro, con una mano avanti...	1972	tt0068153	DVD5	ITA	PAL	1h21m00s	VHS	none	19	false
...Se incontri Sartana prega per la tua morte	1968	tt0063568	DVD5	ITA	PAL	1h31m54s	DVD	custom mux	519	false
"""The Robot"" International Scopitones Volume 2"	19??	noIMDb	DVD5	ENG/FRE/ESP	NTSC	0h51m45s	16mm	custom collection of International Scopitones	731	false
1000 dollari sul nero	1966	tt0060697	DVD5	ITA	PAL	1h40m00s	DVD	full DVD + extras	680	false
12 donne d'oro	1966	tt0059364	DVD5	ITA	PAL	1h27m55s	DVD + Super8	custom mux	0	false
24 ore... non un minuto di più	1973	tt0178538	DVD5	ITA	PAL	1h00m40s	Telecine	one missing reel	586	false
3 colpi di Winchester per Ringo	1966	tt0058861	DVD9	ITA/GER/ENG	PAL	1h27m13s	DVD	full Koch Media DVD	331	false
3 Dev Adam (Turkish Avengers)	1973	tt0181947	DVD5	TUR/ENGsub	PAL	---	DVD	none	111	false
5 bambole per la luna d'agosto	1970	tt0065553	DVD5	ITA	PAL	1h17m27s	DVD	full DVD + extras	407	false
5 per l'inferno	1969	tt0062807	DVD9	ITA/GER/ENG	PAL	1h32m05s	DVD	full DVD + extras	568	false
7 assassine dalle labbra di velluto	1969	tt0323610	DVD5	ITA	PAL	1h31m42s	DTT	none	0	false
7 donne d'oro contro due 07	1966	tt0196090	DVD5	ITA/ENG	PAL	1h29m30s	DTT	custom mux	545	false
7 per l'infinito contro i mostri spaziali	1970	tt0065852	DVD5	ITA	PAL	1h20m36s	DVD	none	25	false
7 uomini d'oro	1965	tt0059707	DVD5	ITA/ENG	NTSC	1h26m34s	DVD	full DVD	629	false
99 donne	1969	tt0063977	DVD5	ITA	PAL	1h32m12s	Telecine	none	0	false
A pugni nudi	1974	tt0071092	DVD5	ITA/ENGsub	PAL	1h31m37s	Telecine	none	514	false
A TV Dante	1989	tt0098428	DVD5	ENG	PAL	1h27m54s	DVD	full DVD + extras	767	false
Abbandonati nello spazio	1969	tt0064639	DVD5	ITA/ENGsub	PAL	2h03m41s	DVD	full DVD	398	false
Aç kartallar (Starving eagles; aka Turkish Bruce Lee)	1984	tt0441113	DVD5	TUR/ENGsub	PAL	1h14m42s	VHS	new VHS2DVD transfer	254	false
Acid – delirio dei sensi	1968	tt0062634	DVD5	ITA	PAL	1h32m23s	VHS	10mins ca. blank tape	0	false
Addio Alexandra	1969	tt0063986	DVD5	ITA	PAL	1h52m49s	Telecine	7mins ca. blank tape	234	false
Africa nuda, Africa violenta	1974	tt0071106	DVD5	ITA	PAL	1h13m21s	DTT	none	0	false
Afrika	1973	tt0071107	DVD5	ITA/ENGsub	PAL	1h28m23s	Telecine	none	278	false
After Last Season	2009	tt1196334	DVD5	ENG	NTSC	1h30m29s	DVD	full DVD + extras	750	false
Anatar	2023	tt17351870	DVD5	ITA	PAL	1h22m49s	DVD	full DVD + extras		false
Agente 3S3, massacro al sole	1966	tt0060075	DVD5	ITA	PAL	1h58m32s	DVD + Telecine	custom uncut mux	489	false
Agi Murad il diavolo bianco	1959	tt0052538	DVD9	ITA/FRE	PAL	1h28m12s	DVD	full DVD	493	false
AIDS – Il pericolo strisciante	1985	tt0300900	DVD5	ITA	PAL	1h27m14s	VHS	none	319	false
Al destino non chiedere quando	2011	tt4137222	DVD5	ITA	PAL	1h36m12s	DVD	full DVD	237	false
Al di là dell'odio	1972	tt0068184	DVD9	ITA/FREsub/ENGsub	PAL	1h17m28s	DVD	full DVD	297	false
Al filo del terror	1990	tt0284835	DVD5	ESP/ENGsub	NTSC	1h33m19s	VHS	none	0	false
Alex l'ariete	2000	tt0172109	DVD9	ITA	PAL	1h48m03s	DVD	full Cinekult DVD	0	false
Alice in Wonderland	1949	tt0042189	DVD5	ENG	PAL	---	VHS	none	60	false
Alien 2 - Sulla Terra	1980	tt0078749	DVD5	ITA/ENG	PAL	1h21m03s	DVD	full DVD + extras	643	false
Alien dagli abissi	1989	tt0096785	DVD5	ITA/ENG	NTSC	1h31m23s	DVD	full DVD + extras	572	false
Allegri becchini... arriva Trinità	1972	tt0244384	DVD5	ITA	PAL	1h25m04s	TV	none	256	false
Altin Çocuk	1966	tt0413678	DVD5	TUR/ENGsub	PAL	1h25m40s	DVD	full DVD + extras	720	false
Altin Çocuk (Turkish James Bond)	1966	tt0413678	DVD5	TUR/ENGsub	PAL	1h25m40s	DVD	full DVD + extras	0	false
Amazzoni – Donne d’amore e di guerra	1973	tt0069700	DVD5	ITA	PAL	1h25m50s	TV	none	376	false
American Magus	2002	tt0309277	DVD5	ENG	PAL	1h34m00s	VHS	none	730	false
American risciò	1990	tt0096806	DVD5	ITA	PAL	1h32m13s	VHS	none	246	false
Amiche andiamo alla festa	1972	tt0213448	DVD5	ITA	PAL	---	TV	none	107	false
Amici miei	1975	tt0072637	BD25	ITA	PAL	1h53m22s	Bluray	full BR	455	false
Amici miei	1975	tt0072637	DVD9	ITA	PAL	2h07m29s	DVD	full DVD	458	false
Amici miei - Atto II°	1982	tt0083549	BD25	ITA	PAL	2h07m00s	Bluray	full BR	456	false
Amici miei - Atto III°	1985	tt0088710	BD25	ITA	PAL	1h53m47s	Bluray	full BR	457	false
Amici miei in campagna	1972	tt0069418	DVD5	ITA	PAL	1h29m40s	VHS	none	193	false
Amico mio... frega tu che frego io	1973	tt0247165	DVD5	ITA	PAL	1h28m41s	DTT	none	594	false
Ammazzali tutti e torna solo	1968	tt0062659	DVD9	ITA/ENG/ESP	PAL	1h36m07s	DVD	full DVD + extras	0	false
Anche i cinesi mangiano fagioli	1974	tt1404408	DVD5	ITA	PAL	---	Telecine	none	86	false
Anno 2053 - la grande fuga	1991	tt0104981	DVD9	ITA 2.0/ITA 5.1	PAL	1h43m20s	DVD	full DVD	0	false
Anno zero - Guerra nello spazio	1977	tt0149677	DVD5	ITA	PAL	---	TV	none	90	false
Argos alla riscossa (Santo vs. las mujeres vampiro)	1962	tt0055408	DVD5	ITA	PAL	1h17m25s	TV	none	189	false
Argos alla riscossa (Santo vs. las mujeres vampiro)	1962	tt0055408	DVD5	ITA	PAL	1h26m22s + 1h15m35s	DVD	full DVD + extras	0	false
Argos il fantastico superman (Santo contra los asesinos de la mafia)	1970	tt0066085	DVD5	ITA	PAL	1h22m06s	VHS	none	190	false
Asi Kabaday (Turkish Wolverine)	1986	tt1694051	DVD5	TUR/ITAsub	PAL	---	VHS	TD#02	109	false
Aska susayanlar seks ve cinayet (Turkish Lo strano vizio della signora Wardh)	1972	tt1024894	DVD9	TUR/ENGsub	PAL	---	DVD	none	137	false
Ator il guerriero di ferro	1987	tt0093276	DVD9	ITA/ENG/ENGsub	PAL	1h23m53s	DVD	full DVD	298	false
Atragon	1963	tt0057215	DVD5	ITA/JAP	PAL	1h31m38s	DVD	[ASIA] full DVD	538	false
Attacco alla base spaziale US	1954	tt0047033	DVD5	ITA/ITAsub	PAL	1h19m06s	DVD	full DVD	328	false
Avventura sul Mar Nero	1972	tt0157336	DVD5	ITA	PAL	1h46m57s	TV	none	466	false
Baby love	1979	tt0078819	DVD5	ITA	PAL	1h30m59s	Telecine	none	13	false
Badi (Turkish E.T.)	1983	tt0334917	DVD5	TUR/ITAsub	PAL	---	TV	TD#01	108	false
Bajrangbali	1976	tt0157845	DVD9	HIN/ENGsub	NTSC	3h09m47s	DVD	[ASIA] full DVD	581	false
Bandidos	1967	tt0062706	DVD5	ITA/ENG	PAL	1h30m57s	DVD	full DVD + extras	521	false
Banditi a Milano	1968	tt0062707	DVD5	ITA/ENG	PAL	1h34m30s	Telecine	none	516	false
Baracca e burattini	1954	tt0046751	DVD5	ITA	PAL	1h14m52s	VHS	none	667	false
Baracca e burattini	1954	tt0046751	DVD5	ITA	PAL	1h15m21s	VHS	none	639	false
Barbagia (La società del malessere)	1969	tt0064069	DVD5	ITA/ENG	PAL	1h34m05s	VHS	custom uncut composite	625	false
Batouk - Africa che muore	1967	tt0218026	DVD5	ITA	PAL	1h10m19s	DVD	full DVD	755	false
Battaglie negli spazi stellari	1978	tt0075881	DVD5	ITA	PAL	---	VHS	none	85	false
Batwoman - L'invincibile superdonna	1968	tt0235608	DVD5	ITA	PAL	1h10m21s	DVD	none	117	false
Baytekin - fezada çarpisanlar (Turkish Flash Gordon)	1967	tt0336004	DVD5	TUR/ENGsub	PAL	---	TV	TD#02	109	false
Begotten	1990	tt0101420	DVD5	ENG	NTSC	1h12m06s	DVD	full DVD	460	false
Bersaglio altezza uomo	1978	tt0078848	DVD5	ITA/GER	PAL	1h26m08s	DTT	none	614	false
Bill il taciturno	1967	tt0061404	DVD5	ITA	PAL	1h33m18s	DTT	none	377	false
Black Killer	1971	tt0066835	DVD5	ITA/FRE	PAL	1h31m01s	DVD	none	404	false
Blood Story (Storia di sangue)	1972	tt0209359	DVD5	ITA	PAL	1h21m38s	VHS	none	368	false
Blood tracks - Sentieri di sangue	1985	tt0088827	DVD5	ITA	PAL	---	DVD	retail	0	false
Bloody psycho	1989	tt0157412	DVD5	ITA/ENGsub	NTSC	---	DVD	full DVD	232	false
Blue Demon y Zovek en La invasión de los muertos	1973	tt0263475	DVD5	ESP/ENGsub	PAL	1h18m09s	VHS	none	557	false
Bob il baro	1976	tt0277598	DVD5	ITA	PAL	1h21m42s	TV	none	198	false
Bocche cucite	1970	tt0138332	DVD5	ITA/ENGsub	PAL	1h21m11s	Telecine	uncut and restored	442	false
Boxer dalle dita d'acciaio	1972	tt0187064	DVD5	ITA	PAL	1h21m39s	DTT	[ASIA]	326	false
Bruce and the Shaolin Bronzemen	1977	tt0083696	DVD5	ENG/FRE	PAL	1h19m21s	VHS + DVD	[ASIA] custom uncut mux	480	false
Bruce Lee - L'indomabile e il suo artiglio d'acciaio	1979	tt3141904	DVD5	ITA	PAL	1h06m24s	Telecine	[ASIA]	472	false
Bruce Lee contro la setta del serpente	1979	tt6631356	DVD5	ITA/ENG	PAL	1h22m50s	DVD	[ASIA] full DVD + extras	592	false
Bruce Lee il re del kung fu	1982	tt0079507	DVD5	ITA	PAL	1h23m24s	DVD	[ASIA] full DVD	487	false
Bruce Lee la bestia umana	1978	tt0079076	DVD5	ITA	PAL	1h23m49s	Telecine	[ASIA]	268	false
Bruce Lee supercampione	1976	tt0077850	DVD5	ITA/ENG	PAL	1h22m19s	DVD	[ASIA] full DVD	474	false
Bruka Queen of Evila	1973	tt0072868	DVD5	ZH/ENGhardsub	NTSC	1h36m30s	VHS	[ASIA]	0	false
Bruka: Queen of Evil	1973	tt1710543	DVD5	ZH/ENGhardsub	NTSC	1h36m30s	VHS	[ASIA] none	0	false
Buona parte di Paolina	1973	tt0069830	DVD5	ITA	PAL	1h22m10s	Telecine	none	78	false
C'è Sartana... vendi la pistola e comprati la bara!	1970	tt0065509	DVD9	ITA/FRE	PAL	1h28m22s	DVD	full DVD + extras	507	false
C'era una volta Pollicino	1972	tt0188140	DVD5	ITA/FRE	PAL	1h12m23s	DVD	full DVD + extras	689	false
C'era una volta questo pazzo, pazzo, pazzo West	1973	tt0150011	DVD5	ITA	PAL	1h17m43s	DVD	custom mux	431	false
Cade: The Tortured Crossing	2023	tt24786094	DVD5	ENG	NTSC	1h39m40s	DVD	full DVD	765	none
Canne mozze	1977	tt0159329	DVD5	ITA/ENGsub	PAL	1h26m48s	VHS	B.VANI watermark	324	false
Canterbury proibito	1972	tt0068335	DVD5	ITA	PAL	1h36m00s	VHS	none	17	false
Caperucita y Pulgarcito contra los monstruos	1962	tt0053694	DVD5	ESP/ENGsub	NTSC	1h21m17s	DVD	full DVD + extras	710	false
Capitan Rogers nel 25° secolo	1979	tt0077278	DVD5	ITA/ENG	PAL	1h24m54s	DVD	full DVD + extras	649	false
Cappuccetto Rosso (La caperucita roja)	1960	tt0053693	DVD5	ITA	PAL	0h50m35s	VHS	none	187	false
Cappuccetto Rosso (La caperucita roja)	1960	tt0053693	DVD5	ITA	PAL	1h24m43s	VHS	uncut	709	false
Caribbean Basterds (Caraibi e bastardi)	2010	tt1455613	DVD5	ITA/ENG	PAL	1h36m06s	DVD	none	533	false
Carioca tigre	1976	tt0160115	DVD5	ITA	PAL	---	Telecine	none	88	false
Casa dell'amore...la polizia interviene	1978	tt0074289	DVD5	ITA	PAL	---	VHS	none	142	false
Cash? Cash!	1967	tt0128982	DVD5	ITA	PAL	1h22m59s	Telecine	none	655	false
Cassiodoro il più duro del pretorio	1976	tt0074293	DVD5	ITA	PAL	---	Telecine	none	83	false
Casus Kiran (Turkish Spy Smasher)	1968	tt0334987	DVD5	TUR/ENGsub	PAL	---	DVD	none	110	false
Cat's	1984	NOimdb	DVD5	ITA	PAL	1h16m12s	Master	none	150	false
Caterina di Russia	1963	tt0055833	DVD9	ITA/FRE	PAL	1h38m42s	DVD	full DVD	493	false
Catman in Lethal Track	1990	tt0319153	DVD5	ENG	NTSC	1h30m08s	VHS	none	259	false
Causa di divorzio	1972	tt0138352	DVD5	ITA	PAL	1h34m27s	TV	none	191	false
Cellat (The Executioner)	1975	tt1332103	DVD5	TUR/ENGsub	PAL	1h22m28s	DVD	full DVD + extras	385	false
Centro della Terra: continente sconosciuto	1976	tt0074157	DVD5	ITA/ENG	PAL	1h26m51s	DVD	full DVD + extras	427	false
Challenge of the Tiger	1980	tt0077645	DVD9	ENG	NTSC	1h27m40s	DVD	[ASIA] full DVD	505	false
Champagne e...fagioli	1980	tt0122428	DVD5	ITA	PAL	---	TV	none	65	false
Che botte ragazzi!	1975	tt0072084	DVD5	ITA	PAL	1h27m40s	DVD	full DVD; uncut	416	false
Che c'entriamo noi con la rivoluzione?	1972	tt0069547	DVD5	ITA	PAL	1h36m29s	TV	none	0	false
Che carambole... ragazzi!!!...	1975	tt0451475	DVD5	ITA	PAL	1h21m01s	TV	none	698	false
Che notte quella notte!	1977	tt0162235	DVD5	ITA	PAL	1h35m02s	VHS	none	549	false
Chiamate 6969: taxi per signora	1981	tt0176410	DVD5	ITA	PAL	1h17m00s	VHS	none	0	false
Chiavi in mano	1996	tt0156397	DVD5	ITA	PAL	---	DTT	none	54	false
Chicken Park	1994	tt0167825	DVD5	ITA/ENG	PAL	---	DVD	custom ITA/ENG mux from ENG DVD;menu	6	false
Chiedi perdono a Dio...non a me	1968	tt0162244	DVD5	ITA/ENG	PAL	---	DVD	full DVD	325	false
Ciao Gulliver	1970	tt0165169	DVD5	ITA	PAL	2h14m03s	Telecine	24mins ca. blank tape	300	false
Cicciolina amore mio	1979	tt0078971	DVD5	ITA	PAL	1h23m09s	DVD	full DVD + extras	622	false
Çilgin kiz ve üç süper adam (3 Supermen and Mad Girl)	1973	tt0310293	DVD5	TUR	PAL	1h05m14s	VHS	new VHS2DVD transfer	0	false
Cin cin... cianuro	1968	tt0062806	DVD5	ITA	PAL	---	VHS	none	235	false
Cinderella nel regno del sesso	1977	tt0075849	DVD5	ITA	PAL	1h29m56s	DVD	full DVD	308	false
Cinque dita di violenza	1972	tt0062659	DVD5	ITA	PAL	1h45m02s	DVD	[ASIA] full DVD	584	false
Colpi di luce	1985	tt0088940	DVD5	ITA/ENG	PAL	1h25m21s	DVD	full DVD + extras	628	false
Colpo di stato	1969	tt0166135	DVD5	ITA	PAL	1h40m15s	Telecine	none	669	false
Colpo rovente	1970	tt0154344	DVD5	ITA	PAL	1h48m53s	Telecine	original uncut	608	false
Colpo rovente	1970	tt0154344	DVD5	ITA	PAL	1h54m23s	Telecine	custom uncut	64	false
Come fu che Masuccio Salernitano, fuggendo con le brache...	1972	tt0069908	DVD5	ITA	PAL	1h21m40s	VHS	none	18	false
Come rubare la corona d'Inghilterra aka Argoman	1967	tt0061500	DVD5	ITA/ENG/GER	PAL	1h32m07s	DTT	uncut composite	21	false
Come rubare la corona d'Inghilterra aka Argoman	1967	tt0061500	DVD5	ITA/ENG/GER/FRE	PAL	1h33m27s	DVD	uncut composite from Colorado DVD	338	false
Commandos	1968	tt0062819	DVD5	ITA	PAL	1h54m07s	DVD	full DVD	631	false
Compagne nude	1977	tt0284977	DVD5	ITA	PAL	1h25m00s	VHS	none	747	false
Computer Superman	1977	tt3263048	DVD5	THAI	PAL	1h44m04s	DVD	none	0	false
Computer Visions	1991	tt0103996	DVD5	ENG	NTSC	59m37s	VHS	none	0	false
Confessioni segrete di un convento di clausura	1972	tt0068406	DVD5	ITA	PAL	1h33m00s	VHS	none	16	false
Coonskin	1975	tt0071361	DVD5	ITA	PAL	1h34m43s	VHS	none	267	false
Cozzilla aka Godzilla il re dei mostri	1971	tt1543211	DVD5	ITA/ENGsub	NTSC	1h28m59s	VHS	none	22	false
Cozzilla aka Godzilla il re dei mostri	1971	tt1543211	DVD5	ITA/ENGsub	PAL	1h32m49s	Telecine	new transfer; restored	607	false
Crema, cioccolata e...paprika	1981	tt0150221	DVD5	ITA	PAL	1h27m05s	Telecine	uncut and better quality	183	false
Cristiana monaca indemoniata	1972	tt0069929	DVD5	ITA	PAL	---	VHS	none	131	false
Crystalbrain, l'uomo dal cervello di cristallo	1970	tt0066484	DVD5	ITA/ESP/ENGsub	PAL	1h25m24s	VHS	custom mux	400	false
D'improvviso al terzo piano	1977	NOimdb	DVD5	ITA	PAL	1h56m30s	VHS	none	74	false
D'Wild Wild Weng	1982	tt1127178	DVD5	ENG	PAL	1h22m15s	DVD	[ASIA] full DVD + extras	490	false
Da Corleone a Brooklyn	1979	tt0123025	DVD5	ITA/ENG	PAL	1h29m01s	DVD	none	636	false
Da Hong Kong: l'urlo, il furore, la morte	1972	tt0079281	DVD5	ITA	PAL	1h31m15s	Telecine	[ASIA]	276	false
Da Scaramouche or se vuoi l'assoluzione baciar devi sto... cordone!	1973	tt0204236	DVD5	ITA	PAL	1h23m21s	DTT	none	593	false
Da uomo a uomo	1967	tt0064208	DVD5	ITA/ENG/ITAsub	PAL	1h50m16s	DVD	full uncut DVD	587	false
Dagli archivi della polizia criminale	1973	tt0205851	DVD5	ITA(mono-5.1)/ENGsub	PAL	1h22m16s	DVD	full DVD	307	false
Dagobert	1984	tt0086989	DVD5	ITA	PAL	1h48m03s	DVD	full DVD + extras	0	false
Dalla Cina con amore...in Danimarca con furore	1973	tt0164489	DVD5	ITA/ARAhardsub	PAL	0h56m29s	Telecine	[ASIA]	349	false
Dalla Cina con furore	1972	tt0068767	DVD5	ITA	PAL	1h41m25s	DVD	[ASIA] full DVD	378	false
Dark Star	1974	tt0069945	DVD5	ITA/ENG	PAL	1h18m57s	DVD	full DVD + extras	648	false
Das Grauen Kommt Nachs (Delirio Caldo – German ed. + Italian uncut)	1972	tt0068471	DVD9	ITA/GER/ENG	PAL	1h37m34s+1h33m41s	DVD	full uncut Italian edition plus German edition	760	none
Das Lusthaus teuflischer Begierden (La verità secondo Satana - German ed.)	1972	tt0135035	DVD5	GER/ENGsub	PAL	0h47m50s	VHS	none	155	false
Decamerone '300	1972	tt0068460	DVD5	ITA	PAL	1h24m19s	Telecine	none	72	false
Degueyo (Deguello)	1966	tt0060296	DVD5	ITA	PAL	1h33m42	DTT	none	0	false
Deli fisek (Shotgun)	1984	tt0182966	DVD5	TUR/ENGsub	PAL	1h17m15s	VHS	new VHS2DVD transfer	0	false
Delirio caldo	1972	tt0068471	DVD9	ITA/ENG	NTSC	1h41m44s+1h25m48s	DVD	full DVD	93	false
Delirio caldo (Au-dela du desir)	1972	tt0068471	DVD5	FRE	PAL	1h33m33s	VHS	alternate French cut	229	false
Delirio di sangue	1988	tt0094762	DVD5	ITA/ENG	PAL	1h27m37s	VHS	none	95	false
Delirium	1968	tt0062032	DVD5	ITA	PAL	---	TV	Italian version by Bruno Mattei	47	false
Delitti	1987	tt0092864	DVD5	ITA	PAL	1h36m29s	VHS	proper VHS2DVD	176	false
Delitti a luce rossa	1996	tt0116068	DVD5	ITA	PAL	---	VHS	written by Renato Polselli	97	false
Delitti, amore e gelosia	1982	tt0197400	DVD5	ITA	PAL	1h34m59s	VHS	none	243	false
Delitto d'autore	1974	tt0071405	DVD5	ITA/ENGsub	PAL	1h13m13s	VHS	none	227	false
Delitto sulla strada	1979	tt0240906	DVD5	ITA	PAL	---	VHS	none	98	false
Demir pençe - korsan adam (Turkish Iron Claw the Pirate)	1969	tt0335037	DVD5	TUR/ENGsub/GREsub	PAL	---	DVD	none	122	false
Demir Yumruk: Devler geliyor (Iron Fist: The Giants Are Coming)	1970	tt0310995	DVD9	TUR/ENGsub/GREsub	PAL	---	DVD	none	96	false
Devil Woman	1970	tt0072868	DVD5	ENG	NTSC	1h35m31s	VHS	[ASIA] none	0	false
Diamanti sporchi di sangue	1977	tt0075940	DVD5	ITA/ENG	PAL	1h38m08s	DVD	full Cinekult DVD	606	false
Dieci bianchi uccisi da un piccolo indiano	1974	tt0073519	DVD5	ITA	PAL	1h21m23s	VHS	none	621	false
Difesa Alekhine – Scacco con la morte	1989	NOimdb	DVD5	ITA	PAL	1h28m33s	VHS	none	141	false
Dimensione violenza	1983	tt0168660	DVD5	ITA	PAL	1h41m19s	Telecine	none	684	false
Dinasty – L’urlo della tigre dei Ming	1977	tt0165742	DVD5	ITA	PAL	1h25m37s	VHS	[ASIA]	374	false
Dinni e la Normalina, ovvero la videopolizia psichiatrica...	1978	tt1161005	DVD5	ITA	PAL	---	TV	MPEG2 file	0	false
Dio perdoni la mia pistola	1969	tt0126263	DVD5	ITA	PAL	1h29m47s	TV	none	375	false
Dio, sei proprio un padreterno! aka Il suo nome faceva tremare... Interpol in allarme!	1972	tt0069979	DVD5	ITA	PAL	1h35m48s	DTT	none	0	false
Dipingi di giallo il tuo poliziotto	1970	tt0205871	DVD5	ITA	PAL	1h12m23s	Telecine	none	0	false
Dirai: ho ucciso per legittima difesa	1971	tt0067615	DVD5	ITA	PAL	1h26m16s	DTT	none	0	false
Dirty Duck	1974	tt0072882	DVD5	ENG	NTSC	1h10m00s	DVD	full DVD + extras	666	false
Disco delirio	1979	tt0077439	DVD5	ITA	PAL	1h29m34s	TV	none	151	false
Dixie Dynamite e Patsy Tritolo	1976	tt0074415	DVD5	ITA	PAL	1h24m50s	VHS	none	663	false
Django 2 - Il grande ritorno	1987	tt0093113	DVD9	ITA/GER	PAL	1h36m15s	DVD	full uncut DVD + extras	426	false
Doctor Satán	1966	tt0178391	DVD5	ESP/ENGsub	NTSC	---	VHS	none	203	false
Doctor Satán y la magia negra	1968	tt0126877	DVD5	ESP/ENGsub	NTSC	1h34m03s	VHS	uncut	204	false
Domani passo a salutare la tua vedova... parola di Epidemia	1972	tt0072327	DVD5	ITA/ENG	PAL	1h26m31s	DVD	none	513	false
Donne e magia con satanasso in compagnia	1973	tt0069997	DVD5	ITA	PAL	1h29m46s	TV	none	3	false
Double Down	2005	tt1561457	DVD5	ENG	NTSC	1h33m27s	DVD	none	715	false
Dove non è peccato	1970	tt0169795	DVD5	ITA	PAL	1h38m43s	Telecine	none	693	false
Dr. Strange	1978	tt0077469	DVD5	ENG/ENGsub	NTSC	1h33m49s	DVD	full DVD	563	false
Dragon Ball: Fight Son Goku, Win Son Goku (aka Korean Dragon Ball)	1990	tt1608208	DVD5	KOR/ENGsub	NTSC	1h45m38s	DVD	none	685	false
Dragon Ball: Ssawora Son Goku, Igyeora Son Goku (Korean Dragon Ball)	1990	tt1608208	DVD5	KOR	PAL	1h45m38s	VHS	[ASIA]	126	false
Dragon Ball: The magic begins	1991	tt0122050	DVD5	ITA/ENG/ITAsub	PAL	1h25m38s	DVD	full DVD	215	false
Dreamland: La terra dei sogni	2011	tt1832334	DVD5	ITA	PAL	1h33m45s	DVD	full DVD; NOT FOR TRADE!	292	false
Droids: The Pirates and the Prince	1997	tt0940894	DVD5	ENG/ENGsub	NTSC	1h24m40s	DVD	feature film from series episodes	529	false
Droids: Treasure of the Hidden Planet	1997	tt0952689	DVD5	ENG/ENGsub	NTSC	1h28m11s	DVD	feature film from series episodes	530	false
Dropout	1970	tt0169806	DVD5	ITA	PAL	1h47m54s	Telecine	none	686	false
Due Magnum .38 per una città di carogne	1975	tt0169810	DVD5	ITA	PAL	1h27m29s	TV	none	0	false
Due occhi per uccidere	1968	tt0169819	DVD5	ITA	PAL	---	Telecine	one missing reel	32	false
Due vite violente (Insan avcisi)	1979	tt0184615	DVD5	ITA	PAL	1h19m00s	VHS	none	160	false
Due volte Giuda	1968	tt0062915	DVD5	ITA/ITA 5.1	PAL	1h32m27s	DVD	full DVD + extras	635	false
Dünyayi Kurtaran Adam (Turkish Star Wars)	1982	tt0182060	DVD5	TUR/ENGsub	PAL	1h30m41s	VHS	none	29	false
Dünyayi Kurtaran Adam (Turkish Star Wars)	1982	tt0182060	DVD5	TUR/ENGsub	PAL	1h32m38s	VHS	uncut; new VHS2DVD transfer	253	false
Dyane	1984	tt0205030	DVD5	ITA	PAL	1h47m25s	VHS	20mins ca. blank tape	294	false
E Dio disse a Caino...	1970	tt0064273	DVD9	ITA/GER	PAL	1h36m01s	DVD	full DVD + extras	511	false
E no nôn	198?	NOimdb	DVD5	ITA	PAL	---	Super8	none	55	false
E non liberarci dal male	1971	tt0066040	DVD5	FRE/ENGsub	PAL	1h42m02s	DVD	full DVD + extras	0	false
E se per caso una mattina...	1972	tt0207942	DVD5	ITA	PAL	2h33m03s	Telecine	30min ca. blank tape	386	false
Eat it - Mangiala	1968	tt0063269	DVD5	ITA	PAL	1h24m47s	Master	uncut	283	false
Ecce Homo – I Sopravvissuti	1968	tt0062923	DVD5	ITA/ENGsub	PAL	1h25m00s	Telecine	none	304	false
Ehi Satana! Prendi la pistola e spara, ritorna Trinidad	1970	tt0242913	DVD5	ITA/ESP	PAL	1h20m19s	DVD	custom mux	547	false
El barón del terror (The Brainiac)	1962	tt0054668	DVD5	ESP/ENGsub	NTSC	1h16m53s	DVD	full DVD + extras	0	false
El Charro de las Calaveras (The Rider of the Skulls)	1965	tt0281713	DVD5	ESP/ENGsub	NTSC	---	DVD	corrected A/R	205	false
El increible profesor Zovek	1972	tt0264708	DVD5	ESP	NTSC	1h15m24s	DVD	full DVD	573	false
El látigo	1978	tt0284281	DVD5	ESP/ENGsub	NTSC	---	VHS	none	199	false
El látigo contra las momias asesinas	1980	tt0341439	DVD5	ESP/ENGsub	PAL	1h20m11s	VHS	none	201	false
El látigo contra Satanás	1979	tt0284280	DVD5	ESP/ENGsub	PAL	1h20m38s	VHS	none	200	false
El monje loco	1984	tt0359708	DVD5	ESP/ENGsub	NTSC	1h16m30s	VHS	none	0	false
El tesoro de Moctezuma	1968	tt0208505	DVD5	ESP	NTSC	1h17m45s	DVD	full DVD + extras	678	false
En büyük yumruk (The biggest punch)	1983	tt0416717	DVD5	TUR/ENGsub	PAL	1h16m56s	VHS	new VHS2DVD transfer	257	false
Equinozio	1971	tt0171272	DVD5	ITA/FREsub	PAL	1h31m24s	Telecine	none	94	false
Ercole, Sansone, Maciste e Ursus gli invincibili	1964	tt0059672	DVD9	ITA/FRE	PAL	1h33m59s	DVD	full DVD + extras	0	false
Eroi all'inferno	1974	tt0070036	DVD5	ITA/ENG	PAL	1h22m46s	DVD	full DVD + extras	0	false
Erotissimo	1969	tt0064297	DVD5	ITA	PAL	1h21m11s	Telecine	none	736	false
Escalation	1968	tt0062938	DVD5	ITA	PAL	1h29m0s	VHS	proper VHS2DVD	180	false
Eva Man (Due sessi in uno)	1980	tt0080701	DVD5	ITA	PAL	1h16m42s	VHS	hardcore version	383	false
Everything Is Terrible! Presents: The Great Satan	2017	tt7493854	DVD9	ENG/	NTSC	1h14m52s	DVD	full DVD + extras	0	false
Ewoks: Tales from the Endor Woods	2004	tt1117537	DVD5	ENG/ENGsub	NTSC	1h28m48s	DVD	feature film from series episodes	532	false
Ewoks: The Haunted Village	1997	tt1117520	DVD5	ENG/ENGsub	NTSC	1h26m45s	DVD	feature film from series episodes	531	false
Fammi male e coprimi di violenza	1972	tt0326624	DVD5	ITA	PAL	1h24m00s	Super8	none	347	false
Faster, Pussycat! Kill! Kill!	1965	tt0059170	DVD5	ITA/ENG	PAL	1h19m53s	Bluray	custom mux from Bluray	554	false
Fate la nanna coscine di pollo	1977	tt0204814	DVD5	ITA	PAL	1h28m52s	Telecine	none	656	false
Fateful Findings	2013	tt2332623	DVD5	ENG	NTSC	1h40m02s	DVD	none	717	false
Fatevi vivi, la polizia non interverrà	1974	tt0195699	DVD5	ITA/ENG	PAL	1h39m34s	VHS	custom mux	369	false
Fermi tutti! È una rapina	1975	tt0208956	DVD5	ITA	PAL	1h32m58s	Telecine	none	409	false
Five Elements Ninja	1982	tt0084921	DVD5	ENG/ZH	NTSC	1h43m15s	DVD	full DVD + extras	721	false
Flash Gordon - Alla conquista di Marte (ep. 01-07)	1938	tt0030138	DVD9	ITA/ENG/	PAL	---	DVD	full DVD	450	false
Flash Gordon - Alla conquista di Marte (ep. 08-15)	1938	tt0030138	DVD9	ITA/ENG/	PAL	---	DVD	full DVD	451	false
Flash Gordon - I conquistatori dell'Universo (ep. 01-06)	1940	tt0032475	DVD9	ITA/ENG/	PAL	---	DVD	full DVD	452	false
Flash Gordon - I conquistatori dell'Universo (ep. 07-12)	1940	tt0032475	DVD9	ITA/ENG/	PAL	---	DVD	full DVD	453	false
Flash Gordon (ep. 01-06)	1936	tt0027623	DVD5	ITA/ENG/	PAL	---	DVD	full DVD	414	false
Flash Gordon (ep. 07-13)	1936	tt0027623	DVD5	ITA/ENG/	PAL	---	DVD	full DVD	415	false
Flashman	1967	tt0061676	DVD5	ITA/ENG/SWEsub	PAL	1h29m00s	DVD	none	46	false
Foodfight!	2012	tt0249516	DVD5	ENG	NTSC	1h31m10s	DVD	none	714	false
For Y'ur Height Only	1981	tt0200642	DVD9	ENG	NTSC	1h26m58s	DVD	[ASIA] full DVD	505	false
Foxy Brown	1974	tt0071517	DVD5	ITA/ENG	PAL	1h27m55s	DVD	full DVD + extras	600	false
Fra' Tazio da Velletri	1973	tt0071526	DVD5	ITA	PAL	---	VHS	none	5	false
Frankenstein all'Italiana	1975	tt0076051	DVD5	ITA	PAL	2h00m28s	Telecine	30mins ca. blank tape	33	false
Frankenstein alla conquista della Terra	1965	tt0059205	DVD5	ITA	PAL	1h33m13s	DVD	[ASIA] full DVD	541	false
Fratello dello spazio	1988	tt0380368	DVD5	ITA	PAL	---	DTT	none	45	false
Frida professione menager	2000	NOimdb	DVD5	ITA	PAL	---	VHS	none	87	false
Fuoco incrociato	1988	tt0198499	DVD5	ITA	PAL	1h28m24s	TV	none	156	false
Furia gialla	1971	tt0077478	DVD5	ITA	PAL	---	DTT	[ASIA] full DVD	769	false
Future cops	1994	tt0106545	DVD5	ZH/ENGsub	NTSC	1h34m20s	DVD	[ASIA] full DVD	118	false
Gangsters '70	1968	tt0063011	DVD5	ITA	PAL	1h36m41s	DVD + VHS	custom uncut mux	0	false
Gay Salomè	1980	tt0210066	DVD5	ITA	PAL	1h18m07s	VHS	none	140	false
Genova a mano armata	1976	tt0076387	DVD5	ITA/SWEhardsub	PAL	1h26m06s	VHS	custom uncut mux	504	false
Get Mean	1975	tt0074570	DVD9	ENG/ENGsub	NTSC	1h30m11s	DVD	full DVD + extras	0	false
Get Mean	1975	tt0074570	DVD9	ENG/ENGsub	NTSC	1h30m11s	DVD	full DVD + extras	0	false
Giallo a Venezia	1979	tt0079207	BD25	ITA/GER/ENGsub	PAL	---	Bluray	full bluray	449	false
Giallo a Venezia	1979	tt0079207	DVD5	ITA	PAL	1h38m56s	VHS	uncut composite	162	false
Giallo alla regola	1988	tt0121320	DVD5	ITA/ENGhardsub	PAL	1h29m30s	VHS	none	447	false
Giarrettiera Colt	1968	tt0176754	DVD5	ITA	NTSC	1h27m24s	DVD	full DVD + extras	640	false
Gingakei (Galaxy)	1967	tt0239429	DVD5	JAP/ENGsub	NTSC	1h10m36s	Telecine	none	0	false
Ginseng King	1989	tt0122088	DVD5	THAI/JAPsub/ENGsub	NTSC	1h25m22s	VHS	[ASIA]	63	false
Giochi carnali	1983	tt0189551	DVD5	ITA/ENGsub	PAL	1h48m05s	VHS	none	566	false
Giochi erotici di una famiglia per bene	1975	tt0122505	DVD5	ITA	PAL	1h44m31s	Telecine	20min ca. blank tape	318	false
Giorni d'amore su un filo di lana	1973	tt0070110	DVD5	ITA	PAL	---	Super8	from master	49	false
Giro girotondo... con il sesso è bello il mondo	1975	tt0122508	DVD5	ITA	PAL	1h13m32s	Telecine	none	27	false
Giù la testa...hombre	1971	tt0067011	DVD5	ITA/ITAsub	PAL	1h26m37s	DVD	full DVD	339	false
Gli angeli del 2000	1969	tt0204820	DVD5	ITA	PAL	1h31m46s	Telecine	none	597	false
Gli eroi del kung fu	1980	tt0198791	DVD5	ITA	PAL	1h28m15s	DVD	[ASIA] full DVD	358	false
Gli fumavano le Colt... lo chiamavano Camposanto	1971	tt0067142	DVD5	ITA/ENGsub	PAL	1h29m57s	DVD	full DVD + extras	596	false
Gli orrori del museo nero	1959	tt0052901	DVD5	ITA/ENG	PAL	1h18m13s	DVD	full DVD + extras	602	false
Gli specialisti	1969	tt0065026	DVD5	ITA/ENGsub	NTSC	1h38m56s	DVD	none	329	false
Gli uccisori	1977	tt0075362	DVD5	ITA	PAL	1h25m55s	VHS	none	467	false
Gli uccisori	1977	tt0075362	DVD5	ITA	PAL	1h26m00s	Telecine	restored version	697	false
Gli uomini di Marte	1976	tt1948043	DVD5	ITA	PAL	1h22m03s	VHS	[ASIA]	1	false
Godzilla - Ai confini della realtà	1973	tt0070122	DVD5	ITA	PAL	1h18m11s	DVD	[ASIA] full DVD	354	false
Godzilla – Distruggete Kong! La terra è in pericolo	1975	tt0073373	DVD5	ITA	PAL	1h18m36s	DVD	[ASIA] full DVD	351	false
Godzilla – Furia di mostri	1971	tt0067148	DVD5	ITA	PAL	1h21m32s	DVD	[ASIA] full DVD	350	false
Godzilla contro i giganti	1972	tt0068371	DVD5	ITA	PAL	1h25m19s	DVD	[ASIA] full DVD	352	false
Godzilla contro i robot	1974	tt0071565	DVD9	ITA	PAL	1h20m47s	DVD	[ASIA] full DVD	476	false
Goldface il fantastico Superman	1967	tt0064375	DVD5	ITA	PAL	---	Telecine	none	53	false
Goldface il fantastico Superman	1967	tt0064375	DVD5	ITA	PAL	1h29m39s	DVD + Telecine	custom mux	380	false
Grida di estasi / Sesso delirio	1973	tt2337879	DVD5	ITA/ENGsub	NTSC	1h27m13s	VHS	none	0	false
Guerra spaziale	1977	tt0076902	DVD5	ITA	PAL	1h30m19s	DVD	[ASIA] full DVD + extras	495	false
Gulliver	1979	tt0074596	DVD5	ESP	NTSC	1h39m17s	VHS	none	0	false
Hallo Ward!...E furono vacanze in sangue	1968	tt0063232	DVD5	ITA	PAL	1h28m54s	Telecine	none	181	false
Häxan - La stregoneria attraverso i secoli	192	tt0013257	DVD9	SWE/ENG/ENGsub	NTSC	1h45m08s + 1h16m38s	DVD	full Criterion DVD	459	false
Hearts of Fire	1987	tt0093163	DVD5	ENG	NTSC	1h35m05s	VHS	none	758	false
Heaven and earth magic	1962	tt0056060	DVD5	ENG	NTSC	1h32m30s	VHS	30mins ca. blank tape	768	false
Hobitit	1993	tt0441925	DVD5	FIN/ENGsub	PAL	---	TV	none	226	false
Hong Kil-dong	1986	tt0254387	DVD5	KOR/ENGsub	PAL	1h44m32s	DVD	[ASIA]	494	false
I 12 medaglioni	1970	tt0192601	DVD9	ITA/ITA5.1	PAL	1h41m29s	DVD	[ASIA] full DVD + extras	0	false
I 13 figli del drago verde	1970	tt0070684	DVD9	ITA/ITA5.1	PAL	2h01m14s	DVD	[ASIA] full DVD + extras	0	false
I 7 diavoli del Tai-Kik	1971	tt1289845	DVD5	ITA	PAL	1h26m11s	VHS + TV	[ASIA] custom uncut mux	482	false
I Am Here... Now	2009	tt1560653	DVD5	ENG	NTSC	1h26m21s	DVD	none	716	false
I barbari	1987	tt0092615	DVD9	ITA/ENG	PAL	1h23m29s	DVD	full DVD + extras	390	false
I bastardi	1968	tt0062712	DVD5	ITA/ENG	PAL	1h27m41s	TV	uncut	611	false
I contrabbandieri di Santa Lucia	1979	tt0078995	DVD5	ITA	PAL	1h28m12s	DVD	full DVD	550	false
I criminali della galassia	1966	tt0059914	DVD5	ITA	PAL	1h28m30s	DVD	full DVD	417	false
I diafanoidi vengono da Marte	1966	tt0059101	DVD5	ITA/ITAsub	PAL	1h31m36s	DVD	full DVD	418	false
I figli dello spazio	1958	tt0052227	DVD5	ITA/ENG/ITAsub	PAL	1h05m56s	DVD	full DVD	334	false
I giganti del karaté	1976	tt0075202	DVD5	ITA	PAL	1h56m35s	DVD	[ASIA] full DVD	357	false
I lunghi giorni della vendetta (Faccia d'angelo)	1967	tt0060641	DVD9	ITA/ENG/GER/ESP	PAL	1h57m11s + 1h29m51s	DVD	full DVD + extras + uncut and cut versions	609	false
I misteri della magia nera	1958	tt0050712	DVD5	ITA/ESP	PAL	1h10m26s	DVD	full DVD + extras	0	false
I misteriani	1957	tt0050251	DVD5	ITA	PAL	1h24m56s	DVD	full DVD + extras	579	false
I nuvoloni	1963	noIMDb	DVD5	ITA	PAL	1h21m37s	Telecine	none	245	false
I piaceri delle demoni	1970	tt0218904	DVD5	ITA/ENGsub	PAL	1h22m34s	DVD	full DVD	320	false
I ragazzi di Torino sognano Tokyo e vanno a Berlino	1985	tt0202540	DVD5	ITA	PAL	---	VHS	none	81	false
I satelliti contro la Terra	1957	tt0049809	DVD5	ITA/JAP/ITAsub	PAL	1h10m18s	DVD	full DVD + extras	673	false
I segreti delle città più nude del mondo	1971	tt0203870	DVD5	ITA/ENGsub	PAL	1h28m42s	VHS	none	10	false
I sette nani alla riscossa	1951	tt0044023	DVD5	ITA	PAL	1h21m25s	DVD	none	167	false
I sette navigatori dello spazio	1962	tt0056352	DVD5	ITA/ITAsub	PAL	1h18m34s	DVD	full DVD + extras	0	false
I sette navigatori dello spazio	1962	tt0056352	DVD5	ITA/RUS/ITAsubs	PAL	1h18m35s	DVD	full DVD + extras	578	false
I tre che sconvolsero il West (Vado, vedo e sparo)	1968	tt0063754	DVD5	ITA	PAL	1h31m19s	DVD	full DVD	0	false
I tre magnifici del karatè	1973	tt1053337	DVD5	ITA	PAL	1h13m31s	VHS	[ASIA] + trailer	314	false
I vizi segreti degli Italiani quando credono di non essere visti	1987	noIMDb	DVD5	ITA	PAL	1h22m39s	VHS	none	676	false
I vizi segreti della donna nel mondo	1972	tt0216378	DVD5	ITA	PAL	1h38m41s	Telecine	none	682	false
Il banchetto di Platone	1989	tt0344893	DVD5	ITA/ENGsub	PAL	---	DVD	none	70	false
Il boia scarlatto	1965	tt0058983	DVD9	ITA/FRE	PAL	1h222m50s	DVD	full DVD + extras	0	false
Il bosco 1 (25th anniversary ed.)	1988	tt0097307	DVD5	ITA	PAL	1h23m52s + 1h22m09s	DVD	Disc 01	153	false
Il bosco 1 (25th anniversary ed.)	1988	tt0097307	DVD5	ITA	PAL	1h23m52s + 1h22m09s	DVD	Disc 02: extras	154	false
Il braccio violento del Thay-Pan	1978	noIMDb	DVD5	ITA	PAL	---	TV	composite movie made from “Lady Whirlwind”, “Crush”, “Blind Boxer”	769	false
Il cane infernale - Devil Dog	1978	tt0077429	DVD5	ITA/ENG	PAL	1h31m19s	DVD	full DVD + extras	405	false
Il cavaliere, la morte e il diavolo	1985	tt0161412	DVD5	ITA	PAL	---	TV	none	42	false
Il cinema della paura	1986	NOimdb	DVD5	ITA	PAL	2h23m0s	TV	3parts docu on Ita horror	124	false
Il decamerone proibito	1972	tt0068465	DVD5	ITA	PAL	1h25m29s	VHS	none	280	false
Il demonio nel cervello	1976	tt0204257	DVD5	ITA	PAL	1h19m32s	Telecine	none	24	false
Il diario segreto di una minorenne	1968	tt0168651	DVD5	ITA	PAL	1h19m12s	Telecine	none	164	false
Il diavolo nel cervello	1972	tt0068484	DVD5	ITA	PAL	1h39m46s	TV	none	610	false
Il dio chiamato Dorian	1970	tt0065656	DVD5	ITA/ENG	PAL	1h37m04s	DVD	full DVD + extras	719	false
Il dio sotto la pelle	1974	tt0168662	DVD5	ITA	PAL	1h35m48s	Telecine	none	692	false
Il fango verde	1968	tt0064393	DVD5	ITA/ENG	PAL	1h26m22s	DVD	[ASIA] full DVD	311	false
Il figlio di Gozilla	1967	tt0061856	DVD5	ITA	PAL	1h21m09s	DVD	[ASIA] full DVD	353	false
Il furore della Cina colpisce ancora	1971	tt0067824	DVD5	ITA	PAL	1h35m18s	DVD	[ASIA] full DVD	473	false
Il gigante dell'Himalaya	1977	tt0076164	DVD5	ITA	PAL	1h26m15s	DVD	full DVD + extras	647	false
Il gigante di Metropolis	1961	tt0054924	DVD5	ITA/RUS	PAL	1h26m54s	DVD	none	364	false
Il gioco della notte	1993	tt2699216	DVD5	ITA	PAL	1h35m25s	VHS	none	152	false
Il giorno dei Trifidi – L'invasione dei mostri verdi	1962	tt0055894	DVD5	ITA/ENG	PAL	1h26m20s	DVD	full DVD	360	false
Il giovane Tigre	1973	tt0081794	DVD5	ITA/ENG	PAL	1h27m26s	DVD	[ASIA] full DVD	479	false
Il giro del mondo degli innamorati di Peynet	1974	tt0178501	DVD5	ITA/JAP	PAL	1h24m19s	DVD	full DVD + extras	675	false
Il giustiziere giallo	1972	tt1511521	DVD5	ITA	PAL	1h23m26s	Telecine	[ASIA]	264	false
Il grande addio	1954	tt0045835	DVD5	ITA	PAL	1h21m18s	DTT	none	662	false
Il grande colpo dei 7 uomini d'oro	1966	tt0061726	DVD5	ITA	NTSC	1h37m03s	DVD	full DVD + extras	630	false
Il licantropo e lo yeti	1975	tt0073338	DVD5	ITA	PAL	1h23m35s	DVD	full DVD	211	false
Il mio corpo per un poker	1968	tt0061981	DVD5	ITA/FRE/GER	PAL	1h31m44s	DVD	full DVD + extras	395	false
Il mio corpo sul tuo corpo (aka Il pittore omicida)	1975	tt0263609	DVD5	ITA	PAL	1h03m21s	VHS	none	172	false
Il mio nome è Shangai Joe	1973	tt0068954	DVD5	ITA/ENG/GER	PAL	1h34m15s	DVD	full DVD	290	false
Il mistero del panino assassino	1987	tt0393485	DVD5	ITA	PAL	1h30m44s	TV	none	34	false
Il mondo dei robot - Westworld	1973	tt0070909	BD25	ENG/ITA	PAL	1h28m48s	Bluray	full BR	461	false
Il mondo perverso di Beatrice	1982	noIMDb	DVD5	ITA	PAL	1h03m57s	Telecine	copia censura	706	false
Il mostro dell'opera	1964	tt0058377	DVD9	ITA/FRE/ENGsub	PAL	---	DVD	full DVD	186	false
Il padrino di Chinatown	1977	tt0076797	DVD5	ITA	PAL	1h48m38s	DVD	[ASIA] full DVD	471	false
Il pianeta degli uomini spenti	1961	tt0054950	DVD5	ITA/ENG	NTSC	1h33m27s	DVD	uncut full DVD	0	false
Il pianeta degli uomini spenti	1961	tt0054950	DVD5	ITA	PAL	1h33m32s	DVD	full DVD	526	false
Il pianeta dei dinosauri	1977	tt0078089	DVD5	ITA	PAL	1h20m15s	DVD	full DVD	356	false
Il pianeta errante	1966	tt0059588	DVD5	ITA	PAL	1h18m48s	DVD	full DVD	419	false
Il pianeta proibito	1952	tt0049223	DVD5	ITA/ENGsub/ITAsub	PAL	1h34m25s	DVD	full DVD	363	false
Il piccolo testimone dell'Orient Express	1972	tt0206867	DVD5	ITA	PAL	---	VHS	none	145	false
Il primo premio si chiama Irene (aka Danimarca - L'incredibile realtà della nuova morale)	1969	tt0195184	DVD5	ITA	PAL	1h32m07s	Telecine	none	366	false
Il re della mala	1973	tt0070951	DVD9	ITA/ENGsub	PAL	1h17m03s	DVD	full DVD + extras	498	false
Il risveglio della mummia (La momia azteca)	1957	tt0050718	DVD9	ITA/ITAsub/ESP	PAL	---	DVD	none	128	false
Il ritorno di Diavolik	1966	tt0167320	DVD5	ITA/JAP	PAL	1h12m56s	DVD	[ASIA] retail DVD	0	false
Il ritorno di Godzilla	1966	tt0060464	DVD5	ITA/JAP	PAL	1h19m15s	DVD	[ASIA] full DVD	355	false
Il ritorno di Gorgo (Il figlio di Godzilla)	1967	tt0061856	DVD5	ITA	PAL	---	DVD	[ASIA] full DVD, correct AR	0	false
Il segreto della palma d'acciaio	1973	tt1404408	DVD5	ITA	PAL	1h14m24s	Telecine	[ASIA]	313	false
Il sesso del diavolo - Trittico	1971	tt0067879	DVD5	ITA/ENGsub	PAL	1h28m40s	Telecine	none	277	false
Il sesso della strega	1973	tt0195248	DVD9	ITA/ENGsub	PAL	1h21m16s	DVD	full DVD + extras	492	false
Il silenzio dei prosciutti	1994	tt0111190	DVD5	ITA/ENG	PAL	---	DVD	none	59	false
Il sottile fascino del peccato	2010	tt2319867	DVD5	ITA/ENGsub	PAL	1h26m48s	DVD	none	179	false
Il suo nome era Pot, ma lo chiamavano Allegria!	1971	tt0067806	DVD5	ITA	PAL	1h19m56s	TV	none	346	false
Il suo nome faceva tremare... Interpol in allarme! aka Dio, sei proprio un padreterno!	1973	tt0069979	DVD5	ITA/ENG	PAL	1h35m48s	DVD	full DVD	588	false
Il tempo degli avvoltoi	1967	tt0062350	DVD5	ITA	PAL	1h31m30s	DVD	none	515	false
Il terno a letto	1980	tt0210349	DVD5	ITA	PAL	1h24m59s	Telecine	none	269	false
Il terribile ispettore	1969	tt0210353	DVD5	ITA	PAL	1h30m13s	DVD	full DVD	740	false
Il terrore viene d'oltretomba (La momia azteca contra el robot humano)	1958	tt0050717	DVD5	ITA/ITAsub/ESP	PAL	1h01m28s	DVD	none	129	false
Il tesoro di Dracula (aka Vita sessuale di un vampiro)	1969	tt0208504	DVD5	ITA	PAL	1h20m02s	TV	none	209	false
Il testimone deve tacere	1974	tt0179463	DVD5	ITA/ENG	PAL	1h32m10s	DTT	none	503	false
Il torcinaso; Quando il sangue diventa bollente	1975	tt0186630	DVD5	ITA	PAL	1h31m29s	Telecine	none	135	false
Il trionfo di King Kong	1962	tt0056142	DVD5	ITA/ENG	PAL	1h12m32s	DVD	[ASIA] full DVD	288	false
Il vangelo secondo San Frediano	1978	tt0215304	DVD5	ITA	PAL	1h43m13s	Super8	none	286	false
Il vizio ha le calze nere	1975	tt0073871	DVD5	ITA	PAL	1h16m12s	VHS	B.VANI” watermark version	221	false
In nome del padre, del figlio e della Colt	1971	tt0071883	DVD5	ITA	PAL	1h19m46s	DTT	none	0	false
In piena luce	1971	tt0067240	DVD5	ITA/ENG	PAL	1h08m06s	DVD	full DVD + extras	641	false
In punta di piedi aka Street dance	1984	tt0179864	DVD5	ITA	PAL	---	TV	none	69	false
Inframan – L'altra dimensione	1975	tt0073168	DVD5	ITA	NTSC	1h24m35s	DVD	[ASIA] custom mux	343	false
Insegnami ad uccidere (Turkish Karate Girl/Kareteci kiz)	1974	tt0278527	DVD5	ITA	PAL	1h25m40s	VHS	none	101	false
Intikam Benim (Big risk)	1983	tt2431918	DVD5	TUR/ENGsub	PAL	1h16m07s	VHS	new VHS2DVD transfer	0	false
Intikamci (The avenger)	1986	NOimdb	DVD5	TUR/ENGsub	PAL	1h54m43s	VHS	new VHS2DVD transfer	250	false
Intrighi tra le stelle	1976	tt0071285	DVD5	ITA	PAL	0h59m24s	TV	none	132	false
Intrigo	1984	NOimdb	DVD5	ITA	PAL	36m51s+36m34s	U-matic	none	26	false
Invasori dall'altro mondo	1957	tt0050545	DVD5	ITA/ENG/ITAsub	PAL	1h06m32s	DVD	full DVD	336	false
Io cristiana studentessa degli scandali	1971	tt0067255	DVD5	ITA	PAL	1h30m05s	DTT	custom uncut mux	539	false
Io monaca... per tre carogne e sette peccatrici	1972	tt0069784	DVD5	ITA	PAL	1h29m00s	VHS	uncut	184	false
Isaac Asimov's Robots VCR Mystery Game	1988	tt0174170	DVD5	ENG	NTSC	0h45m11s	VHS	full tabletop game with scans	702	false
Ispettore Karatè contro l'anonima sequestri	1973	tt1325660	DVD5	ITA	PAL	1h27m59s	VHS	[ASIA]	372	false
Italia a mano armata	1976	tt0179901	DVD5	ITA/ENG	PAL	1h37m08s	DTT	none	0	false
Italian boys	1983	tt0223550	DVD5	ITA	PAL	1h27m35s	VHS	none	92	false
Italiani come noi	1964	tt0369590	DVD5	ITA	PAL	1h28m16s	TV	none	310	false
Joe l'implacabile	1967	tt0061572	DVD9	ITA/FRE	PAL	1h35m30s	DVD	full DVD + extras	0	false
Jolly Blu	1998	tt0170082	DVD5	ITA	PAL	1h29m06s	VHS	none	766	none
Kadin düsmani (Woman despiser)	1967	tt0431176	DVD5	TUR/ENGsub	PAL	1h29m27s	DVD	full DVD + extras	206	false
Kani Goalkeeper (Crab Goalkeeper)	2006	tt1076820	DVD9	JAP/ENGsub/ITAsub	PAL	1h19m58s	DVD	[ASIA] full DVD	0	false
Karamurat, la belva dell'Anatolia (Kara Murat seyh gaffar'a karsi)	1976	tt0125815	DVD5	ITA	PAL	1h23m32s	DVD	none	165	false
Karaoglan - Altay'dan gelen yigit (The Hero Came from Altai)	1965	tt0273705	DVD5	TUR/ITAsub/ENGsub	PAL	1h30m06s	DVD	none	168	false
Karaoglan - Baybora'nin oglu (Baybora's Son)	1966	tt0277064	DVD5	TUR/ITAsub/ENGsub	PAL	1h07m01s	DVD	none	169	false
Karaoglan - Bizansli zorba (Tyrant of Byzantium)	1967	tt0277065	DVD5	TUR/ITAsub/ENGsub	PAL	1h07m46s	DVD	none	170	false
Karaoglan - Camokanin intikami (Camoka's Revenge)	1966	tt0277066	DVD5	TUR/ITAsub/ENGsub	PAL	1h10m02s	DVD	none	171	false
Karaté a Shanghai	1974	tt0165204	DVD5	ITA	PAL	1h24m11s	TV	[ASIA]	312	false
Karzan contro le donne dal seno nudo	1974	tt0070118	DVD5	ITA/ENGsub	PAL	1h10m03s	DVD	full DVD	202	false
Katango: uragano sulla metropoli	1966	tt0060440	DVD9	ITA	PAL	1h27m56s	DVD	[ASIA] full DVD + extras	603	false
Kilic aslan (Turkish Lion Man)	1975	tt0181966	DVD5	ENG/ITAsub	PAL	---	VHS	none	102	false
Kilink Istanbul'da (Turkish Kriminal)	1967	tt0292053	DVD5	TUR/ENGsub	PAL	---	DVD	none	113	false
Kilink soy ve öldür (Turkish Kriminal: Strip and Kill)	1967	tt0392276	DVD5	TUR/ENGsub	PAL	---	DVD	none	114	false
Kilink uçan adama karsi (Turkish Kriminal vs. Superman)	1967	tt0311396	DVD5	TUR/ENGsub	PAL	---	DVD	none	114	false
Killer contro killers	1985	tt0304290	DVD5	ITA	PAL	1h25m46s	DVD	none	448	false
Killer nelle notti di pioggia	1972	tt1227194	DVD5	ITA	PAL	1h22m00s	VHS	none	654	false
King Kong il gigante della foresta	1967	tt0061868	DVD9	ITA/JAP	PAL	1h44m01s	DVD	[ASIA] full DVD	475	false
Kiskivrak (Abducted)	1986	tt1957941	DVD5	TUR/ENGsub	PAL	1h32m11s	VHS	none	182	false
Kizi da anasi gibi (Curse of the Red Butterfly)	1980	tt0492099	DVD5	ENG/JAPhardsub	NTSC	1h20m42s	VHS	none	0	false
Kiziltug - Cengiz Han (Red Plume - Genghis Khan)	1952	tt0319691	DVD5	TUR/ENGsub	PAL	1h15m18s	DVD	full DVD + extras	255	false
Klon	1994	tt0198601	DVD5	ITA	PAL	1h25m13s	TV	none	149	false
Korang, la terrificante bestia umana	1969	tt0063090	DVD5	ITA	PAL	1h17m25s	DVD	full DVD	470	false
Korkusuz (Rampage; aka Turkish Rambo)	1986	tt1355207	DVD5	ENG	NTSC	1h12m11s	DVD	full DVD + extras	690	false
Korkusuz (Turkish Rambo)	1986	tt1355207	DVD5	ENG/ENGsub	NTSC	1h12m11s	DVD	full DVD + extras	0	false
Krysar (The Pied Piper of Hamelin)	1986	tt0174834	DVD5	Gibberish	PAL	0h52m49s	DVD	full DVD + extras	733	false
Ku Fang il ciclone di Hong Kong	1972	tt0071319	DVD5	ITA	PAL	1h23m19s	TV	[ASIA]	373	false
Kung fu, il vendicatore solitario	1973	tt1715330	DVD5	ITA	PAL	1h25m18s	Telecine	[ASIA]	275	false
Kung fu, l'arte di uccidere	1972	tt0068874	DVD5	ITA	PAL	1h27m47s	Telecine	[ASIA]	317	false
L'albero della maldicenza	1979	tt0078746	DVD5	ITA	PAL	1h23m59s	VHS	none	166	false
L'altro piatto della bilancia	1972	tt19512536/	DVD5	ITA	PAL	1h47m15s	VHS	none	696	false
L'amante del demonio	1972	tt0068199	DVD9	ITA	PAL	1h17m06s	DVD	full DVD	429	false
L'amante del vampiro	1960	tt0052555	DVD9	ITA/ENGsub	PAL	1h23m42s	DVD	full DVD	188	false
L'amico del padrino	1972	tt0068202	DVD5	ITA	PAL	1h23m58s	VHS	none	247	false
L'assassino fantasma	1969	tt0062438	DVD5	ITA/ENG/ESP	PAL	---	TV	none	236	false
L'assassino ha le ore contate	1968	tt0061516	DVD5	ITA	PAL	1h40m08s	DVD	full DVD	445	false
L'astronave fantasma	1961	tt0055562	DVD5	ITA/ITA 5.1/ENG	PAL	1h09m13s	DVD	[ASIA] full DVD	333	false
L’attentato	1972	tt0068233	DVD5	ITA	PAL	1h59m22s	DTT	blank at the beginning	743	false
L'eretica	1975	tt0071465	DVD5	ITA/ENGsub	PAL	---	DVD	none	104	false
L'impero del sole	1956	tt0048200	DVD5	ITA	PAL	1h22m15s	TV	none	289	false
L'importante è non farsi notare	1979	tt0179232	DVD5	ITA	PAL	---	VHS	none	36	false
L'inafferrabile invincibile Mr. Invisibile	1970	tt0065842	DVD5	ITA	PAL	---	TV	none	89	false
L'inafferrabile invincibile Mr. Invisibile	1970	tt0065842	DVD5	ITA	PAL	1h47m05s	Telecine	none	705	false
L'inceneritore	1984	tt0179236	DVD5	ITA	PAL	1h36m13s	Master	none	713	false
L'inferno nella mano	1972	tt0164425	DVD5	ITA	PAL	1h24m34s	VHS	[ASIA]	315	false
L'interrogatorio	1970	tt0179880	DVD5	ITA	PAL	2h01m49s	VHS	33mins blank tape; Italian edition, longer cut	242	false
L'invasione – Marte attacca Terra	1966	tt0060302	DVD5	ITA/ENG	PAL	1h18m14s	DVD	full DVD	342	false
L'invasione degli astromostri	1965	tt0059346	DVD5	ITA/JAP	PAL	1h34m13s	DVD	[ASIA] retail DVD	0	false
L'invasione degli ultratopi	1972	tt0069162	DVD5	ITA	PAL	1h28m04s	VHS	none	468	false
L'invasione dei mostri verdi AKA Il giorno dei Trifidi	1963	tt0055894	DVD5	ITA	PAL	-	DVD	full DVD	0	false
L'invincibile Batman (Yilmayan seytan)	1973	tt0185027	DVD5	ITA	PAL	1h25m46s	DVD	full DVD + extras; longest existing cut 	773	false
L'invincibile Batman (Yilmayan seytan)	1973	tt0185027	DVD5	ITA	PAL	---	VHS	none	84	false
L'invincibile ninja	1981	tt0082332	DVD5	ITA/ENG	PAL	1h39m49s	Bluray	custom mux	638	false
L'ira di Dio	1968	tt0063044	DVD5	ITA	PAL	1h32m23s	DVD	none	403	false
L'orgia dei morti	1973	tt0069046	DVD5	ITA	PAL	1h30m21s	DVD	full DVD	208	false
L'orgia notturna dei vampiri	1974	tt0069047	DVD5	ITA	PAL	---	DVD	full DVD	306	false
L'ossessa	1974	tt0072147	DVD5	ITA/ENG/GER	PAL	---	DVD + VHS	uncut composite	100	false
L'ultima preda del vampiro	1960	tt0056633	DVD5	ITA/ENG	PAL	1h17m23s	DVD	full DVD + extras	601	false
L'ultima sfida di Bruce Lee	1981	tt0076709	DVD5	ITA	PAL	---	DVD	[ASIA] full DVD	501	false
L'ultimo combattimento di Chen	1978	tt0077594	DVD5	ITA/ENG	PAL	---	DVD	[ASIA] full DVD	0	false
L’ultimo combattimento di Chen	1978	tt0077594	DVD5	ITA/ENG	PAL	1h36m07s	DVD	[ASIA] full DVD	382	false
L'ultimo giorno	1985	tt0214228	DVD5	ITA	PAL	1h24m47s	VHS	none	701	false
L'ultimo giorno	1985	tt0214228	DVD5	ITA	PAL	1h24m47s	VHS	none	701	false
L'umanoide	1979	tt0080058	DVD5	ITA/ENG	PAL	---	DVD	none	37	false
L'uomo che fuggì dal futuro - THX 1138	1974	tt0066434	DVD5	ITA	NTSC	1h20m38s	VHS	original Italian version	408	false
L'uomo con 2 teste	1972	tt0068911	DVD5	ITA	PAL	1h17m25s	VHS	none	468	false
L'uomo dagli occhi di ghiaccio	1971	tt0067913	DVD5	ITA/ENG	PAL	1h31m13s	DTT + VHS	custom uncut mux	488	false
L'uomo del kung-fu	1973	tt0200888	DVD5	ITA	PAL	1h32m45s	Telecine	[ASIA]	316	false
L'uomo della strada fa giustizia	1975	tt0135026	DVD5	ITA/ENG	PAL	1h31m35s	DVD	none	396	false
L'uomo di Santa Cruz	1977	tt0076261	DVD5	ITA	PAL	1h43m51s	VHS	none	661	false
L'uomo mascherato contro i pirati (L'uomo mascherato contro il corsaro nero)	1964	tt0059852	DVD5	ITA	PAL	1h19m36s	DVD	full DVD	478	false
L'uomo puma	1980	tt0081693	DVD5	ITA/ENG/GER	PAL	1h32m21s	DTT	custom menu	20	false
L'uomo senza corpo	1959	tt0052718	DVD5	ITA/ENG	PAL	1h15m47s	DVD	full DVD + extras	465	false
L'uomo, l'orgoglio, la vendetta	1967	tt0062424	DVD5	ITA	PAL	1h36m43s	DVD	full DVD + extras	524	false
L’urlo di Chen terrorizza anche l’occidente	1972	tt0068767	DVD5	ITA	PAL	1h24m09s	DVD	[ASIA] full DVD	371	false
La banda J. e S. - Cronaca criminale del Far West	1972	tt0068702	DVD9	ITA/ENG/FRE	PAL	1h33m34s	DVD	full DVD + extras	0	false
La banda Vallanzasca	1977	tt0077206	DVD5	ITA/ENGsub	PAL	---	DTT + VHS	custom uncut	305	false
La battaglia di Maratona	1959	tt0052604	DVD9	ITA/FRE	PAL	1h23m56s	DVD	full DVD	0	false
La bella e la bestia	1977	tt0075738	DVD5	ITA	PAL	1h38m35s	DVD	full Cinekult DVD	443	false
La bestia y la espada mágica	1983	tt0085233	DVD9	ESP/ENGsub	PAL	1h47m46s	DVD	full DVD + extras	0	false
La bimba di Satana (XXX ver.)	1982	tt0080438	DVD5	ITA/GER	PAL	1h25m26s	DVD	none	68	false
La cámara del terror (Fear Chamber)	1968	tt0062960	DVD5	ENG/ESP	NTSC	1h27m41s	DVD	full DVD	574	false
La canzone più bella	1957	tt0050227	DVD5	ITA	PAL	1h30m55s	VHS	none	667	false
La casa 3	1988	tt0093090	DVD5	ITA/ITAsub	PAL	---	DVD	none	119	false
La casa nel tempo	1989	tt0097021	DVD5	ITA	PAL	1h20m13s	DVD	full DVD + extras	428	false
La croce dalle sette pietre	1987	tt0167851	DVD5	ITA	PAL	---	VHS	none	91	false
La dialectique peut-elle casser des briques? (Can dialectics break bricks?)	1973	tt0069970	DVD5	FRE/ENGsub	NTSC	1h22m14s	VHS	[ASIA]	0	false
La donna a una dimensione	1969	tt0168686	DVD5	ITA	PAL	1h34m41s	Telecine	none	361	false
Là dove non batte il sole	1974	tt0071784	DVD5	ITA	PAL	1h35m57s	DVD	full DVD	615	false
La farfalla nel mirino	1967	tt0061882	DVD5	ITA/JAP	PAL	1h30m57s	DVD	[ASIA] full DVD + extras	591	false
La gang dell'arancia meccanica	1974	tt0280224	DVD5	ITA/GER/ENGsub	PAL	1h15m56s	DVD	full DVD	605	false
La ghigliottina volante	1975	tt0071512	DVD9	ITA	PAL	1h41m44s	DVD	full DVD + extras	0	false
La guerra dei robot	1978	tt0077640	DVD5	ITA/DUTsub	PAL	---	VHS	none	35	false
La guerrera vengadora 2-a parte	1991	tt0206391	DVD5	ESP/ENGsub	NTSC	1h32m00s	VHS	none	175	false
La iena dalle zanne d'acciaio	1973	NOimdb	DVD5	ITA	PAL	1h15m43s	Telecine	[ASIA]	348	false
La legge dei gangsters	1969	tt0064870	DVD5	ITA/ENG/GER	PAL	1h29m31s	VHS	uncut custom composite	613	false
La leggenda vichinga	1957	tt0052156	DVD5	ITA	PAL	1h02m45s	DVD	full DVD + extras	737	false
La locanda della maladolescenza	1980	tt0125845	DVD5	ESP	PAL	1h23m06s	VHS	none	0	false
La lunga notte di Tombstone	1968	tt0062839	DVD5	ITA	PAL	1h22m45s	VHS	custom mux	604	false
La lunga notte di Veronique	1966	tt0183441	DVD5	ITA	PAL	1h26m41s	VHS	proper VHS2DVD	216	false
La lunga sfida	1967	tt0062912	DVD5	ITA	PAL	1h22m48s	Telecine	none	139	false
La lupa mannara	1976	tt0074829	DVD5	ITA/ENG/ENGsub	PAL	1h34m23s	DVD	full Raro DVD	223	false
La malavita attacca. La polizia risponde	1977	tt0183477	DVD5	ITA/ESP	PAL	1h35m02s	DVD	full DVD	0	false
La maldición de la momia azteca	1957	tt0050672	DVD9	ESP/ITAsub	PAL	---	DVD	none	128	false
La maledizione di Erika – Lady Terminator	1989	tt0095483	DVD5	ITA	PAL	---	VHS	[ASIA]	143	false
La mano violenta del karaté	1977	tt0078249	DVD5	ITA	PAL	1h31m09s	DVD	[ASIA] full DVD	359	false
La mansion de las 7 momias	1977	tt0273268	DVD5	ESP/ENGsub	NTSC	1h31m12s	DVD	none	551	false
La meravigliosa favola di Biancaneve	1971	tt0151886	DVD5	ITA	PAL	0h49m43s	VHS	none	752	false
La meravigliosa favola di Cenerentola	1971	tt0151266	DVD5	ITA	PAL	0h57m13s	VHS	none	752	false
La mondana nuda	1980	tt0128355	DVD5	ITA	PAL	---	Telecine	none	103	false
La morte scende leggera	1972	tt0068973	DVD5	ITA/ENGsub	PAL	---	VHS	none	50	false
La morte viene dal pianeta Aytin	1966	tt0059104	DVD5	ITA	PAL	1h26m35s	DVD	full DVD	420	false
La morte viene dallo spazio	1958	tt0051951	DVD5	ITA/ENGsub	PAL	1h18m37s	TV	none	335	false
La mujer murcielago	1968	tt0235608	DVD5	ESP/ENGsub	NTSC	1h19m19s	DTT	uncut	116	false
La nave dei mostri	1960	tt0053102	DVD5	ITA/ESP	PAL	1h19m21s	DVD	full DVD + extras	644	false
La notte dei fiori	1972	tt0188961	DVD5	ITA	PAL	---	Telecine	none	159	false
La notte dell'ultimo giorno	1973	tt0198845	DVD5	ITA	PAL	1h19m55s	Telecine	none	28	false
La notte della lunga paura	1972	tt0069005	DVD5	ITA/ENG	PAL	1h24m50s	DVD	full DVD	512	false
La notte pazza del conigliaccio	1967	tt0164119	DVD5	ITA/ENGhardsub	PAL	1h32m52s	Telecine	none	590	false
La pelle sotto gli artigli	1975	tt0131531	DVD5	ITA	PAL	---	VHS	none	7	false
La pelle sotto gli artigli	1975	tt0131531	DVD5	ITA	PAL	---	Telecine	none	123	false
La più grande rapina del west	1967	tt0062130	DVD5	ITA/ENG/GER	PAL	1h44m08s	DVD	full DVD + extras	595	false
La polizia brancola nel buio	1975	tt0073554	DVD5	ITA	PAL	1h22m14s	DTT	none	646	false
La polizia ordina: sparate a vista	1976	tt0075084	DVD5	ITA/ITAsub	PAL	1h24m20s	DVD	full DVD	330	false
La portiera nuda	1976	tt0170432	DVD5	ITA	PAL	1h22m37s	VHS	none	0	false
La preda e l'avvoltoio	1972	tt0067034	DVD5	ITA/ENG	PAL	1h26m16s	DVD	none	589	false
La principessa sul pisello	1976	tt0258893	DVD5	ITA	PAL	1h34m43s	Telecine	none	281	false
La profanazione	1974	tt0198929	DVD5	ITA	PAL	1h22m48s	Telecine	“Second TV edition 1989” as per title card; “Not for commercial use” label throughout	745	false
La rabbia del tigre	1969	tt2192024	DVD5	ITA	PAL	1h23m23s	Telecine	[ASIA]	341	false
La ragazza di latta	1970	tt0066276	DVD5	ITA	PAL	2h05m18s	TV	none	668	false
La ragazza di notte	1972	tt0068678	DVD5	ITA	PAL	1h20m55s	DVD	none	653	false
La sbandata	1974	tt0183744	DVD5	ITA	PAL	1h25m00s	VHS	none	177	false
La selvaggia mano di Bruce Lee	1974	tt0420278	DVD5	ITA	PAL	1h26m56s	DVD	[ASIA] full DVD	332	false
La señora Muerte	1969	tt0062255	DVD5	ESP/ENGsub	NTSC	1h30m54s	DVD	full DVD	576	false
La sensualità è un attimo di vita	1975	tt0203882	DVD5	ITA	PAL	1h26m19s	DTT	none	437	false
La sfida degli invincibili campioni	1969	tt0064265	DVD9	ITA/ITA5.1	PAL	1h41m24s	DVD	[ASIA] full DVD	0	false
La spada e la magia	1982	tt0086340	DVD5	ITA/ENG	PAL	1h19m07s	DVD	full DVD + extras	711	false
La strada del massacro	1970	tt0187252	DVD5	ITA/ZH/ENGsub	PAL	1h18m25s	Telecine	[ASIA]	327	false
La taglia è tua... l'uomo lo ammazzo io	1969	tt0064853	DVD5	ITA	PAL	1h34m22s	DTT	none	564	false
La terrificante notte dei robot assassini	1969	tt0134797	DVD5	ITA	PAL	1h10m26s	TV	none	148	false
La terrificante notte dei robot assassini	1969	tt0134797	DVD5	ITA/ESP	PAL	1h14m01s	DVD	full DVD + extras	694	false
La terrificante notte del demonio	1971	tt0067592	DVD5	ITA/ENG	PAL	1h29m56s	DVD	full DVD	337	false
La tigre venuta dal fiume Kwai	1975	tt0211042	DVD5	ITA	PAL	1h24m50s	VHS	none	367	false
La tua prima volta	1983	tt0153324	DVD5	ITA	PAL	1h26m40s	DTT	none	677	false
La Venere d'Ille	1981	tt0078455	DVD5	ITA/ENGsub	PAL	1h00m50s	VHS	none	0	false
La venganza de las mujeres vampiro	1970	tt0065171	DVD5	SPA/ENG/ENGsub	NTSC	1h28m09s	DVD	full DVD	233	false
La verità secondo Satana	1972	tt0135035	DVD5	ITA/ENGsub	PAL	1h25m08s	VHS	Tower VHS uncut	120	false
La verità secondo Satana	1972	tt0135035	DVD9	ITA/ENGsub	PAL	1h27m24s	VHS	composite uncut + alternate scenes + unpublished interview!	271	false
Lady football	1979	tt0221327	DVD5	ITA	PAL	---	DVD	none	12	false
Lady Snowblood	1973	tt0158714	DVD5	JAP/ITAsub	PAL	1h37m01s	DVD	[ASIA] full DVD	522	false
Lady Snowblood 2: Love Song of Vengeance	1974	tt0072157	DVD5	JAP/ITAsub	PAL	1h37m01s	DVD	[ASIA] full DVD	523	false
Laggiù nella giungla	1986	tt0131458	DVD5	ITA	PAL	1h41m01s	VHS	none	266	false
Las luchadoras contra el robot asesino	1969	tt0134797	DVD5	ESP/ENGsub	NTSC	1h14m46s	VHS	none	562	false
Las momias de Guanajuato	1972	tt0208306	DVD5	ESP/ENG/ENGsub	NTSC	1h19m30s	DVD	full DVD	270	false
Latitudine zero	1969	tt0064470	DVD9	ITA/JAP/ENG	PAL	---	DVD	[ASIA] retail DVDx2 (International + Japanese versions)	0	false
Le 10 meraviglie dell'amore	1969	tt0168442	DVD5	ITA	PAL	1h18m02s	VHS	none	161	false
Le amorose notti di Ali Babà	1973	tt0069710	DVD5	ITA	PAL	1h19m41s	TV	none	75	false
Le avventure di Dick Tracy	1937	tt0028785	4xDVD5	ITA	PAL	---	DVD	retail DVD	0	false
Le colt cantarono la morte e fu... tempo di massacro	1967	tt0061074	DVD9	ITA/ENG	PAL	1h32m07s	DVD	full DVD + extras	393	false
Le donne del pianeta preistorico	1966	tt0061203	DVD5	ITA/GER	PAL	1h25m38s	DVD	full DVD	491	false
Le favolose notti d'oriente	1973	tt0070055	DVD9	ITA/ITAsub	PAL	---	DVD	none	9	false
Le furie umane del kung fu	1978	tt0077559	DVD9	ITA/ZH	PAL	1h37m14s	DVD	[ASIA] full DVD + extras	616	false
Le guerriere dal seno nudo	1973	tt0070140	DVD5	ITA	PAL	1h35m55s	DVD + VHS	custom uncut mux	387	false
Le implacabili lame di rondine d'oro	1966	tt0059079	DVD9	ITA/ITA5.1	PAL	1h30m52s	DVD	[ASIA] full DVD + extras	0	false
Le meraviglie di Aladino	1961	tt0055178	DVD5	ITA	PAL	1h35m56s	DVD	full DVD	477	false
Le mille e una notte all'italiana	1972	tt0070394	DVD5	ITA	PAL	1h35m55s	VHS	none	76	false
Le notti di Satana	1968	tt0063275	DVD5	ITA	PAL	1h28m48s	Telecine	none	725	false
Le pornoschiave del vizio	1974	tt0263590	DVD5	ITA	PAL	1h07m21s	VHS	none	688	false
Le radici della paura – The Evil	1978	tt0077524	DVD5	ITA	PAL	1h17m24s	DVD	retail; Italian dialogues by Renato Polselli	0	false
Le salamandre	1969	tt0066322	DVD5	ITA	PAL	1h24m41s	Telecine	none	724	false
Le sigle TV della Bozzetto Film realizzate da Guido Manuli	19--	noIMDb	DVD5	ITA	PAL	0h43m20s	DVD	full DVD + extras	671	false
Legend of the Superheroes	1979	tt0131675	DVD5	ENG	NTSC	---	DVD	full dvd	217	false
Les maîtres du temps	1982	tt0084315	DVD5	FRE/ENGsub	PAL	1h15m29s	DVD	full MoC DVD	462	false
Lesbo	1969	tt0182277	DVD5	ITA	PAL	1h15m09s	TV	none	282	false
Libido - Das große Lexikon der Lust (Le 10 meraviglie dell'amore – German ed.)	1969	tt0168442	DVD5	GER	PAL	1h21m07s	VHS	none	161	false
Little Rita nel West	1968	tt0062205	DVD5	ITA	PAL	1h37m20s	DVD	none	569	false
Lo irritarono... e Sartana fece piazza pulita	1970	tt0065992	DVD5	ITA	PAL	1h25m03s	DVD	none	735	false
Lo stallone	1975	tt0147539	DVD5	ITA	PAL	1h26m36s	Telecine	from never-released DVD	248	false
Lo strano ricatto di una ragazza per bene	1974	tt0126084	DVD5	ITA/ENGsub	PAL	---	VHS	none	48	false
Los campeones justicieros	1971	tt0261597	DVD5	ESP/ENGsub	NTSC	1h21m00s	DVD	full DVD	537	false
Love duro e violento	1985	tt0940725	DVD5	ITA	PAL	1h15m00s	VHS	none	293	false
Love Maker - L'uomo per fare l'amore	1969	tt0064608	DVD5	ITA	PAL	1h28m13s	TV	none	681	false
Love you!	1979	tt0195031	DVD5	ITA	PAL	1h15m20s	DVD	none	411	false
Lupi giustizieri	1973	tt2204265	DVD5	ITA	PAL	---	DVD	retail	0	false
Lupin III - La strana strategia psicocinetica	1974	tt0360940	DVD5	ITA/JAP	PAL	1h22m57s	DVD	[ASIA] full DVD	481	false
Maciste contro i mostri	1962	tt0057270	DVD5	ITA/ENG	PAL	1h16m57s	DVD	full DVD	344	false
Madeleine, anatomia di un incubo	1974	tt0125896	DVD5	ITA	PAL	1h40m25s	VHS	none	394	false
Mademoiselle de Sade e i suoi vizi	1969	tt0064524	DVD5	ITA	PAL	1h14m24s	Telecine	none	284	false
Madness - Gli occhi della luna	1971	tt0198681	DVD5	ITA/ENGsub	PAL	1h17m53s	Telecine	custom menu	23	false
Mafia, una legge che non perdona	1980	tt0245249	DVD5	ITA	PAL	1h19m03s	DVD + VHS	custom mux	626	false
Magia nuda	1975	tt0183466/	DVD5	ITA	PAL	1h37m020s	VHS	none	695	false
Malakai - Incubo di sangue	1977	tt0077994	DVD5	ITA/ENG	PAL	1h26m02s	DVD	full DVD + extras	637	false
Malesia magica	1962	tt0291323	DVD5	ITA	PAL	1h25m25s	TV	none	679	false
Malibù la ragazza che scotta	1979	tt0079514	DVD5	ITA	PAL	1h27m04s	VHS	none	764	none
Malizia erotica	1979	tt0079515	DVD5	ITA	PAL	1h26m00s	VHS	uncut	322	false
Mamma...li turchi!	1973	tt0939903	DVD5	ITA	PAL	1h24m01s	Telecine	none	73	false
Marquis	1989	tt0097839	DVD9	FRE/GER/ENGsub	PAL	---	DVD	full DVD; disc 2	464	false
Marquis	1989	tt0097839	DVD5	FRE/GER/ENGsub	PAL	1h19m22s	DVD	full DVD; disc 1	463	false
Maschera rossa contro il gigante d'argilla	1969	tt0185146	DVD5	ITA	PAL	1h29m46s	TV	[ASIA]	210	false
Maschera rossa contro il gigante d'argilla	1969	tt0185146	DVD5	ITA/ITAsub	NTSC	1h45m52s	DVD	[ASIA] custom uncut mux	484	false
Maschi e femmine	1972	tt0185465	DVD5	ITA	PAL	1h38m42s	Telecine	ca. 10 mins blank tape	754	false
Massacro a Condor Pass	1976	tt0075461	DVD5	ITA/GER/ENG/ESP	PAL	1h24m52s	DVD	custom mux + extras	502	false
Massimamente folle	1985	tt0185470	DVD5	ITA	PAL	1h25m00s	VHS	none	0	false
Matanza il volto della morte	1968	tt0130639	DVD5	ITA/JAP	PAL	1h46m43s	DVD	custom mux	518	false
Megaforce	1982	tt0084316	DVD5	ENG/ENGsub	NTSC	1h39m33s	DVD	full DVD	585	false
Meglio baciare un cobra	1986	tt0251226	DVD5	ITA/ITAsub	PAL	1h30m17s	DVD	retail Cinekult	0	false
Messalina, Messalina!	1977	tt0076388	DVD5	ITA	PAL	1h33m50s	DVD	none	665	false
Mettetemi in galera... ma subito	1977	tt0074302	DVD5	ITA	PAL	1h27m00s	VHS	none	432	false
Metti le donne altrui ne lo mio letto...	1976	tt0074362	DVD5	ITA	PAL	1h22m02s	VHS	custom mux	540	false
Microscopic liquid subway to oblivion	1970	tt0068862	DVD5	ENG/GREhardsub	PAL	1h26m56s	VHS	none	430	false
MMM 83 - Missione Morte Molo 83	1966	tt0187297	DVD5	ITA	PAL	1h31m13s	VHS	custom mux	0	false
Mondo erotico – Inchiesta sulla speculazione sessuale	1973	tt0198770	DVD5	ITA	PAL	1h30m32s	Telecine	none	272	false
Mondo pazzo...gente matta!	1966	tt0188064	DVD5	ITA	PAL	1h17m11s	DTT	none	287	false
Mondo proibito	1986	tt0091271	DVD5	ITA	PAL	1h21m33s	VHS	none	197	false
Mondo senza veli	1985	tt1349637	DVD5	ITA	PAL	1h29m56s	Telecine	none	683	false
Monster dog – Il signore dei cani	1984	tt0087616	DVD5	ITA	PAL	1h20m06s	DVD	full DVD	222	false
Monte Grande: What Is Life?	2004	tt0466070	DVD5	ESP/ENG/FRE/ENGsub/ITAsub	NTSC	1h26m16s	DVD	full DVD + extras	729	false
Morbosità	1974	tt0128361	DVD5	ITA	PAL	1h28m45s	Telecine	none	273	false
Moresque obiettivo allucinante	1967	tt0060374	DVD5	ITA/FRE/GER	PAL	1h34m30s	DVD	custom mux	0	false
Morire a Roma - La vita in gioco	1972	tt0188067	DVD5	ITA/GREsub	PAL	---	VHS	none	158	false
Musicbox Italia	19??	noIMDb	DVD5	ITA	PAL	1h33m35s	16mm	custom collection of Italian Scopitones	728	false
Mysterious Planet	1982	tt0272202	DVD5	ENG	NTSC	1h09m57s	VHS	none	739	false
Na-Jan il piccolo titano	1974	NOimdb	DVD5	ITA	PAL	1h28m51s	DVD	[ASIA] full DVD	134	false
Napoli serenata calibro 9	1978	tt0077974	DVD5	ITA/ENGsub	PAL	1h24m43s	DVD	full DVD	599	false
Napoli spara!	1977	tt0188083	DVD5	ITA	NTSC	---	DVD	extras	510	false
Napoli spara!	1977	tt0188083	DVD5	ITA/ENG	NTSC	1h29m36s	DVD + DTT	custom uncut 16:9	509	false
Napoli violenta	1976	tt0074952	DVD9	ITA/ENG	PAL	1h31m00s	DVD	full DVD + extras	508	false
Napoli...i 5 della squadra speciale	1978	tt0198810	DVD5	ITA/ENGsub	PAL	1h35m00s	VHS	none	555	false
Narco Satánico - Terror, sexo y brujería	1984	tt0258245	DVD5	SPA/ENGsub	NTSC	1h14m40s	VHS	none	231	false
Navajo Joe	1966	tt0061587	DVD9	ITA/ENG/GER/RUS	PAL	1h28m37s	DVD	full DVD + extras	759	false
Necropolis	1970	tt0188093	DVD9	ITA/ITAsub/ENGsub	PAL	1h58m14s	DVD	full DVD + extras	399	false
Nel cerchio	1976	tt0198821	DVD5	ITA	PAL	1h17m18s	VHS	none	658	false
Nel mirino del giaguaro	1979	tt0079362	DVD5	ITA/ENG	PAL	1h21m47s	DVD	full DVD + extras	738	false
Nel più alto dei cieli	1977	tt0074956	DVD5	ITA	PAL	1h23m08s	DVD	+ extras	30	false
Nelle pieghe della carne	1970	tt0065693	DVD9	ITA/ENG	PAL	1h28m36s	DVD	full Cinekult DVD	425	false
New York violenta	1973	tt0069789	DVD5	ITA	PAL	1h11m21s	VHS	none	619	false
Nick Fury: Agent of Shield	1998	tt0119781	DVD5	ENG/ESP/ENGsub	NTSC	1h30m07s	DVD	full DVD + extras	722	false
Ninja alla conquista del mondo	1987	tt0201987	DVD5	ITA/ENG	PAL	1h26m10s	DVD	[ASIA] full DVD + extras	528	false
Ninja i guerrieri di fuoco	1987	tt0202093	DVD5	ITA	PAL	1h27m21s	DVD	[ASIA] full DVD + extras	527	false
Noi e l'amore – Comportamento sessuale variante	1986	tt0198836	DVD5	ITA	PAL	1h23m15s	DVD	full DVD	196	false
Non aver paura della zia Marta	1988	tt0097929	DVD5	ITA/ENG	PAL	1h24m55s	DVD	none	66	false
Notturno con grida	1981	tt0082827	DVD5	ITA	PAL	1h41m16s	VHS	ca. 10 mins blank tape	744	false
Nuda per Satana	1974	tt0162503	DVD5	ITA/ENG/ENGsub	NTSC	1h18m20s	DVD	full DVD	301	false
Nuda per Satana (XXX ver.)	1974	tt0162503	DVD5	ITA/ENG/ENGsub	NTSC	1h30m35s	DVD	full DVD	302	false
Nude Odeon	1978	tt0177055	DVD5	ITA	PAL	---	Telecine	none	77	false
Nudi per vivere	1964	tt0189825	DVD5	ITA	PAL	1h38m42s	Telecine	ca.20min blank tape	303	false
Nudo e crudele	1984	tt0087819	DVD9	ITA/ITAsub	PAL	1h32m10s	DVD	full uncut DVD	299	false
Nuovo Ordine Mondiale	2015	tt5078390	DVD5	ENGhardsub	PAL	2h01m19s	DVD	full DVD + extras	570	false
Obsession – Una storia di ordinaria follia	1989	tt0195106	DVD5	ITA	PAL	1h13m14s	VHS	none	127	false
Occhei, occhei	1983	tt0189839	DVD5	ITA/GREsub	PAL	1h42m15s	VHS	none	258	false
Occhi dalle stelle	1978	tt0078015	DVD9	ITA/ITAsub	PAL	1h34m05s	DVD	none	99	false
Odyssey Into the Mind’s Eye	1996	tt0167318	DVD5	ENG	NTSC	1h06m10s	DVD	full DVD	756	false
Oh...Angelina! - Angelina superporno	1982	tt0335887	DVD5	ITA	PAL	2h10m56s	VHS	none	294	false
Oliva - La leggenda del monte Belvedere	199?	NOimdb	DVD5	ITA	PAL	---	VHS	none	57	false
Ölüler konusmaz ki (The dead don't talk)	1970	tt0470630	DVD9	TUR/ENGsub	PAL	---	DVD	none	137	false
Ölüm savasçisi	1984	tt0183597	DVD5	TUR/ENGsub	PAL	1h09m56s	VHS	alternate ending; new VHS2DVD transfer	252	false
Ölüme son adim (Last stop to death)	1983	tt0183599	DVD5	TUR/ENGsub	PAL	1h16m58s	VHS	new VHS2DVD transfer	249	false
Ölümsüz (The immortal)	1982	tt0492422	DVD5	TUR/ENGsub	PAL	1h20m07s	VHS	new VHS2DVD transfer	262	false
Ombre	1980	tt0189857	DVD5	ITA	PAL	1h30m49s	VHS	none	192	false
Omicidio a luci blu	1991	tt0102586	DVD5	ITA	PAL	---	VHS	none	0	false
Onyricon	1968	tt0065224	DVD5	ITA	PAL	1h28m10s	DVD	full DVD + extras	659	false
Operation Code Name: Long Live the Fatherland!	1993	noIMDB	DVD5	TUR/ENGsub	PAL	1h41m50s	DVD	full DVD + extras	632	false
Operazione Goldman	1966	tt0060374	DVD5	ITA/FRE/GER/ENG	PAL	1h31m47s	DVD	custom mux	0	false
Ordine firmato in bianco	1974	tt0073491	DVD5	ITA	PAL	1h52m42s	TV	none	0	false
Ore violente	1967	tt0061454	DVD5	ITA	PAL	1h27m33s	DVD + VHS	custom mux	0	false
Örümcek (Turkish Spiderman)	1972	tt0309117	DVD5	TUR/ENGsub	PAL	1h04m20s	DVD	none	115	false
Os Trapalhões na Guerra dos Planetas (Brazilian Star Wars)	1978	tt0195360	DVD5	BRA/ENGsub	NTSC	---	DVD	+extras	52	false
Oscenità	1980	tt0131515	DVD5	ITA	PAL	1h23m01s	Telecine	copia censura	704	false
Oscenità	1980	tt0131515	DVD5	ITA/ENGsub	PAL	1h23m44s	TV	Madrid8 composite	38	false
Oscenità	1980	tt0131515	DVD5	ITA/RUS	PAL	1h23m49s	DVD	none	31	false
Paganini Horror	1989	tt0095812	DVD9	ITA/ENG	PAL	1h20m22s	DVD	full DVD + extras	388	false
Paolo e Francesca	1971	tt0198888	DVD5	ITA	PAL	1h32m41s	VHS	none	146	false
Parentesi tonde	2006	tt1047512	DVD5	ITA	PAL	1h31m57s	DVD	full DVD + extras	62	false
Pass Thru	2016	tt5445074	DVD5	ENG	NTSC	1h28m15s	DVD	none	718	false
Patrick	1978	tt0078067	DVD5	ITA	PAL	---	DVD	retail	0	false
Patrick vive ancora	1980	tt0081314	DVD9	ITA/ENG	PAL	---	DVD	none	80	false
Pattuglia anti gang	1976	tt0135171	DVD5	ITA	PAL	1h22m54s	VHS	none	651	false
Pensione Amore SerVizio Completo	1979	tt0131533	DVD5	ITA	PAL	---	DTT + VHS	uncut composite	79	false
Pensione Amore SerVizio Completo	1979	tt0131533	DVD5	ITA	PAL	1h16m57s	DTT	custom menu	4	false
Per un dollaro a Tucson si muore	1964	tt0195133	DVD5	ITA	PAL	1h21m06s	VHS	none	291	false
Per un pugno di spade	1972	tt4428738	DVD5	ITA	PAL	1h20m13s	TV	[ASIA]	345	false
Per un pugno di spade	1972	tt4428738	DVD5	ITA/ITAsub	PAL	1h23m15s	DVD	[ASIA] custom uncut mux	483	false
Per una bara piena di dollari	1971	tt0066210	DVD5	ITA	PAL	1h22m53s	DVD	none	0	false
Piccoli fuochi	1985	tt0089808	DVD5	ITA/ENGsub	PAL	1h30m57s	VHS	none	218	false
Pink Flamingos	1972	tt0069089	DVD5	ENG/ENGsub	NTSC	1h47m02s	DVD	full DVD + extras	553	false
Più forte sorelle	1973	tt0073003	DVD5	ITA	PAL	1h21m40s	DTT	custom mux	433	false
Policeman	1971	tt0185610	DVD5	ITA	PAL	1h36m21s	Telecine	none	0	false
Polizia investigativa femminile	1974	tt0072006	DVD5	ITA	PAL	1h31m08s	TV	none	0	false
Porco mondo	1978	tt0076557	DVD5	ITA	PAL	1h38m00s	VHS	proper VHS2DVD	173	false
Porno Erotico Western	1979	tt0180920	DVD5	ITA	PAL	1h12m10s	Telecine	with timecode	0	false
Povero Cristo	1976	tt0073561	DVD5	ITA	PAL	1h33m34s	Telecine	with timecode	657	false
Prima e dopo l'amore... un grido d'allarme	1973	tt0195180	DVD5	ITA	PAL	1h34m56s	Telecine	none	687	false
Probabilità zero	1969	tt0055329	DVD5	ITA	PAL	1h29m42s	DVD	full DVD	0	false
Profondo Rosso	1975	tt0073582	DVD5	ITA	PAL	2h03m00s	Telecine	Work print / Copia lavoro	762	false
Provaci anche tu Lionel	1973	tt0125990	DVD5	ITA	PAL	---	TV	none	0	false
Psyched by the 4D Witch (A Tale of Demonology)	1973	tt0265587	DVD5	ENG	NTSC	1h21m20s	DVD	full DVD + extras	0	false
Pugni, pirati e karatè	1973	tt0198939	DVD5	ITA	PAL	0h29m16s	8mm	new first gen copy	284	false
Pugni,dollari e spinaci	1978	tt0198938	DVD5	ITA	PAL	---	VHS	none	43	false
Pulgasari	1985	tt0089851	DVD5	JAP/ENGsub	PAL	1h35m08s	DVD	[ASIA]	125	false
Qualcosa in più	1990	tt0140488	DVD5	ITA	PAL	1h19m29s	VHS	none	212	false
Quando la preda è l'uomo – Spogliati, protesta, uccidi!	1972	tt0069139	DVD5	ITA	PAL	1h20m26s	Telecine	none	230	false
Quant'è bella la Bernarda, tutta nera, tutta calda	1975	tt0073593	DVD5	ITA	PAL	---	VHS	none	2	false
Quarta parete – La spirale del vizio	1968	tt0188167	DVD5	ITA	PAL	1h29m00s	VHS	uncut	157	false
Quei paracul... pi di Jolando e Margherito	1974	tt0243511	DVD5	ITA	PAL	---	VHS	none	82	false
Quel maledetto treno blindato	1978	tt0076584	DVD9	ITA/ENG	PAL	1h35m26s	DVD	full DVD + extras	642	false
Quel pomeriggio maledetto	1977	tt0073566	DVD5	ITA	PAL	1h32m06s	VHS	none	708	false
Quella carogna dell'ispettore Sterling	1968	tt0063478	DVD5	ITA	PAL	1h35m00s	DTT	none	0	false
Quella strana voglia d'amare	1977	tt0076585	DVD5	ITA	PAL	---	VHS	uncut	228	false
Quelli del racket	1974	tt0232238	DVD5	ITA	PAL	1h22m15s	VHS	none	0	false
Questa libertà di avere... le ali bagnate	1971	tt0067646	DVD5	ITA	PAL	1h16m02s	Telecine	one reel missing	674	false
Quintana	1969	tt0064869	DVD5	ITA/ENG/GER	PAL	1h20m38s	DVD	none	323	false
Racconti proibiti... di niente vestiti	1972	tt0069153	DVD5	ITA	PAL	---	Telecine	none	0	false
Rand rover	1979	tt0143824	DVD5	ITA	PAL	1h39m22s	VHS	none	623	false
Realtà romanzesca	1969	tt0198968	DVD5	ITA	PAL	1h51m09s	Telecine	uncut	106	false
Reptilicus – Il mostro distruggitore	1961	tt0056405	DVD5	ITA/ENG/ITAsub	PAL	1h17m59s	DVD	retail	0	false
Requiescant	1967	tt0063500	DVD9	ITA/ENG	PAL	1h41m41s	DVD	full DVD	0	false
Retro Soviet TV Commercials	19??	noIMDb	DVD5	RUS/ENGsub	PAL	0h53m18s	16mm	collection of 84 Soviet commercials	732	false
Revolver	1973	tt0073626	DVD9	ITA/ENG/GER	PAL	1h45m07s	DVD	full DVD + extras	422	false
Riti, magie nere e segrete orge nel trecento	1973	tt0122685	BD25	ITA/ENGsub	PAL	---	Bluray	retail	0	false
Rivelazioni di uno psichiatra sul mondo perverso del sesso	1973	tt0156023	DVD5	ITA	PAL	1h28m26s	DVD	none	61	false
Robin Hood e i pirati	1960	tt0054246	DVD5	ITA/FREhardsub	PAL	1h24m07s	DTT	none	0	false
Robot Monster	1953	tt0046248	DVD5	ENG	NTSC	56m58s	VHS	Anaglyph 3D	0	false
Rock 'n' Roll	1978	tt0078172	DVD5	ITA	PAL	1h43m52s	TV	none	151	false
Rodan il mostro alato	1956	tt0049782	DVD5	ITA/JAP	PAL	1h22m08s	DVD	[ASIA] retail DVD	0	false
Rotte a tutte le esperienze	1974	tt0193944	DVD5	ITA	PAL	1h21m53s	TV	none	434	false
Salvare la faccia	1969	tt0067631	DVD9	ITA	PAL	1h28m36s	DVD	full DVD	0	false
Sangraal, la spada di fuoco	1982	tt0086238	DVD5	ITA	PAL	1h25m06s	DVD	none	67	false
Sansone e il tesoro degli Incas	1964	tt0058543	DVD5	ITA/GER	PAL	---	DVD	full DVD + custom audio	362	false
Santo contra Blue Demon en la Atlàntida	1970	tt0064930	DVD5	SPA/ENGsub	NTSC	1h26m15s	DVD	full DVD	543	false
Santo contra el asesino de la T.V. 	1981	tt0083030	DVD5	ESP/ENGsub	NTSC	1h28m05s	DVD	full DVD + extras	0	false
Santo contra el doctor Muerte	1973	tt0070631	DVD5	ESP/ENG/ENGsub	NTSC	1h36m47s	DVD	full DVD	580	false
Santo contra la magia negra	1973	tt0208422	DVD5	ESP/ENGsub	NTSC	1h32m09s	DVD	full DVD	575	false
Santo contra los zombies	1962	tt0055409	DVD5	SPA/ENG/ENGsub	NTSC	1h20m06s	DVD	full DVD	225	false
Santo e il tesoro di Dracula | Vita sessuale di un vampiro	1969	tt0208504	DVD5	ITA/ESP	PAL	1h18m47s + 1h23m03s	DVD	full DVD + extras | cut and uncut versions	645	false
Santo el enmascarado de plata vs los villanos del ring	1968	tt0208427	DVD5	ESP/ENGsub	NTSC	1h28m07s	DVD	full DVD	577	false
Santo el enmascarado de plata y Blue Demon contra los monstruos	1970	tt0064932	DVD5	ESP/ENGsub	NTSC	1h22m30s	DVD	full DVD	219	false
Santo en el museo de cera	1963	tt0057471	DVD5	ESP/ENGsub	NTSC	1h32m13s	DVD	full DVD	571	false
Santo vs. las lobas	1976	tt0208423	DVD5	ESP/ENGsub/ESPsub	NTSC	---	DVD	full DVD	224	false
Santo vs. las mujeres vampiro	1962	tt0055408	DVD5	ESP/ENG/ENGsub	NTSC	1h29m52s	DVD	full DVD	220	false
Santo y Blue Demon contra el doctor Frankenstein	1974	tt0258123	DVD5	SPA/ENGsub	NTSC	1h36m03s	DVD	full DVD custom	0	false
Santo y Blue Demon en el mundo de los muertos	1970	tt0064933	DVD5	ESP/ENGsub	NTSC	1h19m48s	DVD	full DVD	544	false
Santo y Blue Demon vs Drácula y el Hombre Lobo	1973	tt0067708	DVD5	ESP/ENG/ENGsub	NTSC	1h39m37s	DVD	full DVD	582	false
Satanik	1968	tt0063549	DVD9	ITA/ITAsub/ENGsub	PAL	1h23m14s	DVD	full DVD + extras	424	false
Satyricon	1969	tt0166788	DVD5	ITA	PAL	1h46m03s	DVD	full DVD + extras	660	false
Savana - Sesso e diamanti AKA I predatori della savana	1978	tt1534502	DVD5	ITA	PAL	1h30m40s	VHS	none	436	false
Sbirulino	1982	tt0202568	DVD5	ITA	PAL	1h30m45s	Telecine	none	627	false
Scalps	1987	tt0091897	DVD5	ITA/ENG	PAL	1h36m54s	DVD	full DVD	446	false
Scoop	1982	tt2396458	DVD5	ITA	PAL	1h25m15s	VHS	none	138	false
Se lo fai sono guai	2001	tt0475143	DVD5	ITA	PAL	1h38m56s	DVD	full DVD	444	false
Se mi arrabbio spacco tutto	1973	tt0062359	DVD5	ITA	PAL	1h28m45s	VHS	none	435	false
Secret of Kowloon Town	1976	noIMDb	DVD5	ZH/ENGsub	NTSC	2h00m29s	VHS	none	650	false
Sensi caldi	1980	tt0189989	DVD5	ITA	PAL	1h10m03s	VHS	none	144	false
Sentenza di morte	1968	tt0063580	DVD9	ITA/ENG	PAL	1h29m41s	DVD	full uncut DVD + extras	499	false
Sette monache a Kansas City	1973	tt0274824	DVD5	ITA/GER/ESP	PAL	1h24m21s	TV	custom fandub	279	false
Sette ore di fuoco	1965	tt0058575	DVD5	ITA/ENGsub	PAL	1h31m47s	DVD	custom fandub	536	false
Sexy che scotta	1963	tt0462027	DVD5	ITA	PAL	1h11m41s	TV	none	535	false
Seytan (Turkish Exorcist)	1974	tt0072148	DVD5	TUR/ENGsub	PAL	---	VHS	none	112	false
Sfida al diavolo - Katarsis	1969	tt0276499	DVD5	ITA	PAL	1h15m37s	DTT	none	410	false
Sgarro alla camorra	1973	tt0070678	DVD5	ITA	PAL	1h36m54s	DVD	none	567	false
Shriek fo the Mutilated	1974	tt0072156	DVD5	ENG	NTSC	1h25m56s	DVD	custom original - full DVD	496	false
Siamo fatto così: Aiuto!	1980	tt2896018	DVD5	ITA	PAL	1h14m35s	DVD	full DVD	185	false
Sloane	1985	tt0088137	DVD5	ENG	NTSC	1h35m31s	DVD	none	652	false
Sogni proibiti di Don Galeazzo, curato di campagna	1973	tt0203923	DVD5	ITA/ENGsub	NTSC	1h28m31s	DVD	none	8	false
Soli contro tutti	1972	tt0074224	DVD5	ITA	PAL	1h15m53s	Telecine	[ASIA]	0	false
Son savasçi (Holy sword)	1982	tt0183802	DVD5	TUR/ENGsub	PAL	1h17m35s	VHS	new VHS2DVD transfer	251	false
Sono Sartana, il vostro becchino	1969	tt0065019	DVD5	ITA	PAL	1h39m02s	TV	none	520	false
Sotto il ristorance cinese	1987	tt0208464	DVD5	ITA	PAL	2h00m28s	VHS	20mins blank tape	214	false
Space Men	1960	tt0054330	DVD5	ITA	PAL	1h25m15s	DVD	full DVD	340	false
Spaceman contro i vampiri dello spazio	1957	tt0050609	DVD5	ITA/JAP/ITAsub	PAL	1h17m24s	DVD	full DVD + extras	672	false
Sparate a vista su Killer Kid	1965	noIMDB	DVD5	ITA	PAL	1h26m52s	16mm	edited version of tt0059134	0	false
Sperone selvaggio	1968	tt0063095	DVD5	ITA/ENG	PAL	1h21m51s	DVD	none	723	false
Spettri	1987	tt0094015	DVD5	ITA/ENG	PAL	1h29m22s	VHS	none	39	false
Spie contro il mondo	1966	tt0060213	DVD5	ITA	PAL	1h30m33s	DVD	custom mux	381	false
Star Crash - Scontri stellari oltre la terza dimensione	1978	tt0079946	DVD5	ITA/ENG	PAL	---	DVD	none	240	false
Star Wars Holiday Special	1978	tt0193524	DVD9	ENG/SPA	NTSC	2h00m20s	VHS	WHIO 1st gen. + extras	40	false
Strategia per una missione di morte	1979	tt0214740	DVD5	ITA	PAL	1h18m56s	VHS	none	707	false
Super Ninja	1986	tt0188764	DVD5	ITA/ENG	PAL	1h29m20s	DVD	[ASIA] full DVD	0	false
Superargo contro Diabolikus	1966	tt0062319	DVD5	ITA/ENG/ITAsub	PAL	---	DVD	none	105	false
Supergirl - La ragazza d'acciaio	1984	tt0088206	DVD5	ITA	PAL	1h37m45s	VHS	none	700	false
Supermen dönüyor (Turkish Superman)	1979	tt0392818	DVD9	TUR/ENGsub/GREsub	PAL	---	DVD	none	96	false
Supersexymarket	1979	tt2038295	DVD5	ITA/DUTsub	PAL	1h26m00s	VHS	none	0	false
Supersonic Man	1979	tt0079971	DVD5	ITA	PAL	1h24m40s	DVD	custom mux	0	false
Superuomini, superdonne, superbotte	1974	tt0073804	DVD5	ITA/ENG/GER	PAL	1h34m15s	DVD	none	71	false
Svezia inferno e paradiso	1968	tt0063660	DVD9	ITA/ENG/SPA/SWEsub	PAL	1h25m41s	DVD	none	121	false
Switch (aka Pandemonio)	1979	tt0079978	DVD5	ITA	PAL	2h00m28s	Telecine	20mins ca. blank tape	763	none
Talisman (La croce dalle sette pietre recut)	199?	tt0167851	DVD5	ITA	PAL	1h26m19s	VHS	none	15	false
Tarkan Viking kani (Tarkan versus the vikings)	1971	tt0274932	DVD9	TUR/ENGsub	PAL	---	DVD	none	136	false
Tarzan e i segreti della giungla	1973	tt0069345	DVD5	ITA	PAL	1h20m28s	TV	none	163	false
Tarzan Istanbulda	1952	tt0324167	DVD5	TUR/ENGsub	PAL	1h31m13s	DVD	full dvd + extras	195	false
Tarzana, sesso selvaggio	1969	tt0065070	DVD5	ITA	PAL	1h28m47s	Super8	none	147	false
Tecnica di un amore	1973	tt0152943	DVD5	ITA	PAL	1h20m49s	VHS	none	238	false
Temptation	1969	tt0210339	DVD5	ITA	PAL	1h22m47s	VHS	none	712	false
Teresa altri desideri	1983	tt0212551	DVD5	ITA	PAL	1h30m00s	VHS	none	58	false
Terminal	1974	tt0072266	DVD5	ITA	PAL	1h44m56s	U-matic	none	241	false
Terminator 2: Shocking dark	1989	tt0098321	DVD5	ENG/ITA/ZH	PAL	1h25m35s	DVD	Custom	213	false
Terra Nova aka Terre nuove	1991	tt0103065	DVD5	ITA	PAL	1h36m11s	TV	none	0	false
Terremoto 10°	1977	tt0085830	DVD5	ITA/JAP	PAL	1h28m42s	DVD	[ASIA] retail DVD	365	false
Testa di bronzo dita d'acciaio	1972	tt1225894	DVD5	ITA/JAP	PAL	1h13m48s	Telecine	[ASIA]	296	false
Testa t'ammazzo, croce... sei morto - Mi chiamano Alleluja	1971	tt0069366	DVD9	ITA/ENG/GER	PAL	1h31m48s	DVD	full DVD + extras	321	false
The comoedia	1981	tt0447618	DVD5	ITA/ENGsub	PAL	---	Super8	none	44	false
The Dragon Lives Again	1977	tt0165362	DVD5	ENG/ZH	PAL	1h35m31s	VHS	[ASIA]	624	false
The Fantastic Four	1994	tt0109770	DVD9	ENG	PAL	---	VHS	extras	0	false
The Fantastic Four	1994	tt0109770	DVD9	ENG	PAL	1h30m14s	VHS	LBX and Open Matte restored editions	734	false
The Impossible Kid	1982	tt0430216	DVD5	ENG	NTSC	1h34m03s	DVD	[ASIA] full DVD	506	false
The Invasion of the Thunderbolt Pagoda	1968	tt0967510	DVD5	ENG	NTSC	30m44s	DVD	full DVD + extras	0	false
The Killing of Satan	1983	tt0085792	DVD5	ENG	NTSC	1h32m29s	VHS	[ASIA] none	561	false
The Legend of the Owl	1981	tt0082712	DVD5	ZH/ENGsub	PAL	---	DVD	[ASIA]	133	false
The Mansion of Madness	1973	tt0068504	DVD5	ENG/ENGsub	NTSC	1h23m35s	DVD	full DVD + extras	0	false
The Room	2003	tt0368226	DVD9	ENG/ENGsub	NTSC	1h39m29s	DVD	full DVD + extras	406	false
The Room	2003	tt0368226	BD25	ENG/ENGsub/ITAsub	NTSC	1h39m36s	Bluray	full BR	454	false
The Search for Weng Weng	2007	tt1073143	DVD9	ENG/ENGsub	PAL	1h32m48s	DVD	full DVD + extras	556	false
The Strange Case of the End of Civilization as We Know It	1977	tt0076770	DVD5	ENG	PAL	0h54m39s	DVD	full DVD	770	false
The war god – The big calamity	1976	tt1996455	DVD5	ZH/ENGsub	PAL	---	VHS	[ASIA]	309	false
Thriller	1973	tt0072285	DVD9	ENG/SWE/ENGsub	NTSC	1h46m38s	DVD	full DVD + extras	620	false
Ti spacco il muso, bimba	1982	tt0471944	DVD5	ITA	PAL	1h29m18s	VHS	none	239	false
Tiger man bersaglio uomo	1977	tt0075613	DVD5	ITA/ENG	PAL	1h29m35s	DVD	full DVD + extras	751	false
Tomboy – I misteri del sesso	1977	tt0170697	DVD5	ITA	PAL	---	VHS	none	0	false
Topo Gigio e la guerra del missile	1967	tt0062382	DVD5	JAP/ENG	NTSC	1h29m55s	DVD	full DVD + extras	664	false
Tre pistole contro Cesare	1977	tt0170697	DVD5	ITA/GER	PAL	1h13m06 + 1h22m34s	DVD	full DVD with cut and uncut versions + extras	397	false
Trio	1967	tt0211682	DVD5	ITA/ENGhardsub	PAL	1h30m19s	Telecine	none	742	false
Turist Ömer Uzay Yolu'nda (Turkish Star Trek)	1973	tt0182503	DVD5	TUR/ITAsub	PAL	---	VHS	TD#01	108	false
Turist Ömer Uzay Yolu'nda (Turkish Star Trek)	1971	tt0182503	DVD5	TUR/ENGsub	PAL	1h09m49s	DVD	full DVD, perfect quality	207	false
Turno di notte (ep. 1-6)	1977	tt0281309	DVD5	ITA/ENGsub	PAL	1h23m52s	TV	none	401	false
Turno di notte (ep. 7-15)	1977	tt0281309	DVD5	ITA/ENGsub	PAL	2h13m55s	TV	none	402	false
Tutto sul rosso	1968	tt0062650	DVD5	ITA/ENGsub	PAL	---	Telecine	none	51	false
Twin Peaks Visual Soundtrack	199?	noIMDb	DVD5	ENG	NTSC	0h50m05s	LDrip	none	727	false
Uccidete il vitello grasso e arrostitelo	1970	tt0066497	DVD5	ITA	PAL	---	Telecine	proper Telecine2DVD	194	false
Ultimatum alla vita	1962	tt0055566	DVD5	ITA	PAL	1h28m41s	VHS	proper VHS2DVD	178	false
Un assassino per un testimone	1969	tt0065038	DVD5	ITA	PAL	1h36m58s	VHS	none	746	false
Un dollaro tra i denti	1967	tt0060325	DVD9	ITA/ENG/GER	PAL	1h23m14s	DVD	full DVD + extras	423	false
Un fotografo particolare	1974	tt0252847	DVD5	ITA	PAL	3h55m33s	VHS	ca. 45 mins blank tape	412	false
Un gioco per Eveline	1971	tt0122506	DVD5	ITA	PAL	---	Telecine	none	174	false
Un uomo da nulla	1977	tt1172546	DVD5	ITA	PAL	1h20m17s	VHS	none	703	false
Un uomo dalla pelle dura	1972	tt0067914	DVD5	ITA	PAL	1h26m11s	DVD	none	500	false
Un urlo nelle tenebre	1974	tt0072217	DVD5	ITA/ENGsub	PAL	1h25m42s	VHS	cut Italian version	384	false
Un urlo nelle tenebre	1974	tt0072217	DVD5	ITA/ENG/JAPhardsub	PAL	1h29m45s	VHS	uncut custom LBX mux	413	false
Un'ombra nell'ombra	1979	tt0131510	DVD5	ITA/ENG/OST	PAL	1h24m07s	VHS	none	244	false
Una colt in mano al diavolo	1973	tt0068393	DVD5	ITA/ENGsub	PAL	1h11m41s	DVD	none	0	false
Una donna per 7 bastardi	1974	tt0186037	DVD5	ITA/ENG/GER	PAL	1h27m11s	Telecine	restored, color corrected; custom mux	546	false
Una rete piena di sabbia	1966	tt0187454	DVD5	ITA	PAL	1h35m31s	VHS	none	699	false
Una storia di notte	1964	tt0058617	DVD5	ITA	PAL	1h18m46s	Telecine	none	741	false
Uno dopo l'altro	1968	tt0063742	DVD9	ITA/ENG/GER	PAL	1h38m12s	DVD	full DVD + extras	0	false
Uno straniero a Sacramento	1965	tt0059760	DVD5	ITA	PAL	1h33m01s	TV	none	486	false
Uomo avvisato mezzo ammazzato... Parola di Spirito Santo	1972	tt0065991	DVD5	ITA/ENG	PAL	1h30m04s	DVD	full DVD	612	false
Uomo, uomo, uomo	1979	tt20565728	DVD5	JAP (overdub)	NTSC	1h55m24s	VHS	none	691	false
Urlo contro melodia nel Cantagiro '63	1963	tt0164215	DVD5	ITA	PAL	1h13m54s	TV	longer than SNC version	263	false
Ursus, il terrore dei kirghisi	1964	tt0058712	DVD5	ITA/ENGsub/FREsub	PAL	1h30m38s	DVD	none	438	false
Vahsi kan (Turkish First Blood)	1983	tt0183958	DVD5	TUR/ENGhardsub	PAL	1h10m20s	VHS	none	583	false
Vai killer!	1976	tt0124348	DVD5	ITA	PAL	---	VHS	none	261	false
Venni vidi e m'arrapaoh	1984	tt0215326	DVD5	ITA	PAL	---	VHS	none	11	false
Vermisat	1975	tt0216339	DVD5	ITA	PAL	1h22m35s	Master	none	260	false
Viaggiatori del tempo	1964	tt0058659	DVD5	ITA/ENG/ITAsub	PAL	1h20m08s	DVD	full DVD	379	false
Viaggio al centro del tempo	1967	tt0061850	DVD5	ITA/ENG	PAL	1h18m52s	DVD	full DVD	370	false
Vietato ai minori	1992	tt0181885	DVD5	ITA	PAL	1h41m39s	VHS	none	285	false
Vietnam, guerra e pace	1968	tt0216360	DVD5	ITA	PAL	1h17m11s	VHS	none	771	false
Violenza armata a San Francisco	1973	tt0073078	DVD5	ITA	PAL	1h20m46s	DVD	full DVD	618	false
Vita segreta di una diciottenne	1969	tt0065183	DVD5	ITA	PAL	1h01m21s	Telecine	none	130	false
Viveva per uccidere, uccideva per vivere...	1970	tt0065630	DVD5	ITA	PAL	1h22m46s	VHS	none	517	false
Wan Chung colpisce ancora	1972	tt0200017	DVD5	ITA	PAL	1h23m49s	Telecine	[ASIA]	274	false
Wanted Johnny Texas	1967	tt0062470	DVD5	ITA	PAL	1h25m24s	VHS	none	295	false
Warning from Space (aka Space Men Appear in Tokyo)	1956	tt0049900	DVD5	JAP/ENG/ENGsub	NTSC	1h26m34s	DVD	full DVD + extras	0	false
Watang! Nel favoloso impero dei mostri	1964	tt0058379	DVD5	ITA/JAP	PAL	1h23m49s	DVD	[ASIA] retail DVD	0	false
Watari, ragazzo prodigio	1966	tt0202095	DVD5	ITA/JAP	PAL	1h26m31s	DVD	[ASIA] full DVD	542	false
Who Killed Captain Alex?	2010	tt1813757	DVD5	ENG/ENGsub	PAL	1h08m33s	DVD	MP4 bundle + extras	497	false
Yankee	1966	tt0059924	DVD9	ITA/GER/ENGsub	PAL	1h33m23s	DVD	full Koch DVD + extras	389	false
Yeti il gigante del 20° secolo	1977	tt0076937	DVD5	ITA/ENG	PAL	1h48m34s	U-matic	none	41	false
Yilmayan seytan (The deathless devil)	1973	tt0185027	DVD9	TUR/ENGsub	PAL	---	DVD	none	136	false
Yokai Monsters - 100 Monsters	1968	tt0200301	DVD5	JAP/ENGsub	NTSC	1h19m59s	DVD	[ASIA] full DVD + extras	558	false
Yokai Monsters - Along with Ghosts	1969	tt0202627	DVD5	JAP/ENGsub	NTSC	1h19m23s	DVD	[ASIA] full DVD + extras	560	false
Yokai Monsters - Spook Warfare	1968	tt0164402	DVD5	JAP/ENGsub	NTSC	1h19m56s	DVD	[ASIA] full DVD + extras	559	false
Zagor: Kara Bela	1971	tt0320785	DVD5	TUR/ITAsub/ENGsub	PAL	1h14m33s	DVD	full DVD + extras	753	false
Zagor: Kara Korsanin Hazineleri	1971	tt0392934	DVD5	TUR/ITAsub/ENGsub	PAL	1h18m07s	DVD	full DVD + extras	757	false
Zappaterra	1985	NOimdb	DVD5	ITA	PAL	---	Super8	none	56	false
Zenabel	1969	tt0065240	DVD9	ITA	PAL	1h43m07s	Telecine + DVD	custom uncut mux	391	false
Zuma	1985	tt0346179	DVD5	TAG/ENGsub	NTSC	2h10m58s	VHS	[ASIA]	633	false
Zuma 2: Hell Serpent	1987	tt0273080	DVD5	ENG/ZHhardsub	NTSC	2h02m46s	VHS	[ASIA]	634	false
Questo sporco mondo meraviglioso	1971	tt0197790	DVD5	ITA	PAL	1h38m42s	Telecine	none	772	false
Intersesso	1981	tt0360673	DVD5	ITA	PAL	1h33m34s	Telecine	none	774	false
Seytan (Turkish Exorcist)	1974	tt0072148	DVD5	TUR/ITAsub/ENGsub/FREsub	PAL	1h39m20s	DVD	full DVD + extras	775	false
